,1995,1996,1997,1998,1999,2000,2001,2002,2003,2004,2005,2006,2007,2008,2009,2010,2011,2012,2013,2014,2015,2016,2017,2018,2019,2020,2021
0,0111145D,0111145D,0111145D,0111145D,0111145D,0111145D,0111145D,0111145D,0111145D,0111145D,0111145D,0111145D,0111145D,0111145D,0111145D,0111145D,0111145D,0848680D,0848680D,1255459D,1284849D,1436513D,1518855D,1831877D,9990302D,9990302D,9990302D
1,0202445Q,0202445Q,0202445Q,0202445Q,0202445Q,0202445Q,0202445Q,0202445Q,0202445Q,0202445Q,0202445Q,0202445Q,0202445Q,0202445Q,0202445Q,0202445Q,0203524D,0867887D,1255459D,1284849D,1288453D,1500785D,1539941D,1856613D,A,A,A
2,0203524D,0203524D,0203524D,0203524D,0203524D,0203524D,0203524D,0203524D,0203524D,0203524D,0203524D,0203524D,0203524D,0203524D,0203524D,0203524D,0772031D,0961514D,1284849D,1288453D,1436513D,1518855D,1697067D,9990302D,AAL,AAL,AAL
3,0226226D,0226226D,0226226D,0226226D,0226226D,0226226D,0226226D,0226226D,0226226D,0226226D,0226226D,0226226D,0226226D,0226226D,0226226D,0772031D,0848680D,1086832D,1288453D,1431816D,1448062D,1539941D,1715651D,A,AAP,AAP,AAP
4,0376152D,0376152D,0376152D,0544749D,0544749D,0544749D,0544749D,0544749D,0544749D,0544749D,0544749D,0544749D,0574018D,0772031D,0772031D,0848680D,0961514D,1255459D,1431816D,1436513D,1500785D,1566019D,1806854D,AAL,AAPL,AAPL,AAPL
5,0440296D,0440296D,0544749D,0598884D,0820143D,0848680D,0772031D,0772031D,0772031D,0772031D,0574018D,0574018D,0772031D,0848680D,0848680D,0961514D,1086832D,1280712D,1436513D,1448062D,1518855D,1697067D,1831877D,AAP,ABBV,ABBV,ABBV
6,0544749D,0544749D,0598884D,0820143D,0848680D,0872237D,0848680D,0848680D,0848680D,0848680D,0772031D,0772031D,0848680D,0961514D,0961514D,1086832D,1255459D,1284849D,1448062D,1500785D,1539941D,1715651D,1856613D,AAPL,ABC,ABC,ABC
7,0598884D,0598884D,0820143D,0848680D,0872237D,0910150D,0910150D,0910150D,0910150D,0910150D,0848680D,0848680D,0910150D,1086832D,1086832D,1255459D,1280712D,1431816D,1500785D,1518855D,1541931D,1806854D,9990302D,ABBV,ABMD,ABMD,ABMD
8,0820143D,0820143D,0848680D,0872237D,0910150D,0948669D,0948669D,0948669D,0948669D,0948669D,0910150D,0910150D,0961514D,1255173D,1255173D,1280712D,1284849D,1436513D,1518855D,1539941D,1566019D,1831877D,A,ABC,ABT,ABT,ABT
9,0848680D,0848680D,0872237D,0910150D,0948669D,0961514D,0961514D,0961514D,0961514D,0961514D,0961514D,0961514D,0964591D,1280712D,1255459D,1284849D,1431816D,1448062D,1539941D,1541931D,1684442D,1856613D,AAL,ABT,ACN,ACN,ACN
10,0910150D,0910150D,0910150D,0943554D,0961514D,0964591D,0964591D,0964591D,0964591D,0964591D,0964591D,0964591D,1086832D,1284849D,1280712D,1431816D,1436513D,1500785D,1541931D,1566019D,1697067D,9876566D,AAP,ACN,ADBE,ADBE,ADBE
11,0943554D,0943554D,0943554D,0948669D,0964591D,1028411Q,1028411Q,1028411Q,1028411Q,1028411Q,1028411Q,1086832D,1255173D,1431816D,1284849D,1436513D,1448062D,1518855D,1566019D,1684442D,1715651D,9990302D,AAPL,ADBE,ADI,ADI,ADI
12,0948669D,0948669D,0948669D,0961514D,1028411Q,1051665D,1040983D,1040983D,1086832D,1086832D,1086832D,1255173D,1280712D,1436513D,1431816D,1448062D,1500785D,1519128D,1683997D,1697067D,1806854D,A,ABBV,ADI,ADM,ADM,ADM
13,0961514D,0961514D,0961514D,0964591D,1051665D,1086832D,1051665D,1051665D,1255173D,1255173D,1255173D,1280712D,1284849D,1448062D,1436513D,1500785D,1518855D,1539941D,1684442D,1715651D,1831877D,AA,ABC,ADM,ADP,ADP,ADP
14,0964591D,0964591D,0964591D,1028411Q,1086832D,1255173D,1086832D,1086832D,1280712D,1280712D,1280712D,1281683D,1293405D,1500785D,1448062D,1518855D,1519128D,1541931D,1697067D,1752754D,1856613D,AAL,ABT,ADP,ADS,ADS,ADSK
15,1005945D,1005945D,1005945D,1051665D,1255173D,1255177D,1255173D,1255173D,1281683D,1281683D,1281683D,1284849D,1317355D,1518855D,1500785D,1519128D,1539941D,1683997D,1715651D,1806854D,9876549D,AAP,ACN,ADS,ADSK,ADSK,AEE
16,1013207D,1013207D,1013207D,1073675D,1255177D,1281683D,1255177D,1280712D,1284849D,1284849D,1284849D,1288652D,1431816D,1519128D,1518855D,1524867D,1541931D,1684442D,1752754D,1831877D,9876566D,AAPL,ADBE,ADSK,AEE,AEE,AEP
17,1028411Q,1028411Q,1028411Q,1086832D,1281683D,1284849D,1280712D,1281683D,1288652D,1288652D,1288652D,1293405D,1436513D,1520415D,1519128D,1539941D,1683997D,1697067D,1806854D,1856613D,9990302D,ABBV,ADI,AEE,AEP,AEP,AES
18,1051665D,1051665D,1051665D,1255173D,1284849D,1288652D,1281683D,1284849D,1293405D,1293405D,1293405D,1312089D,1448062D,1524867D,1524867D,1541931D,1684442D,1715651D,1831877D,1858968D,A,ABC,ADM,AEP,AES,AES,AFL
19,1073675D,1073675D,1073675D,1255177D,1288652D,1312089D,1284849D,1288652D,1312089D,1312089D,1312089D,1317355D,1500785D,1539941D,1539941D,1683997D,1697067D,1752754D,1856613D,9876544D,AA,ABT,ADP,AES,AFL,AFL,AIG
20,1086832D,1086832D,1086832D,1281683D,1312089D,1317355D,1288652D,1293405D,1317355D,1317355D,1317355D,1431816D,1518855D,1541931D,1541931D,1684442D,1715651D,1806854D,1858968D,9876549D,AAPL,ACN,ADS,AET,AGN,AGN,AIZ
21,1237Q,1255173D,1255173D,1284849D,1317355D,140402Q,1312089D,1312089D,1431816D,1431816D,1431816D,1436513D,1519128D,1649858D,1654539D,1697067D,1752754D,1831877D,9876544D,9876566D,ABBV,ADBE,ADSK,AFL,AIG,AIG,AJG
22,1255173D,1255177D,1255177D,1288652D,140402Q,1431816D,1317355D,1317355D,1436513D,1436513D,1436513D,1500785D,1520415D,1654539D,1683997D,1715651D,1806854D,1856613D,9876566D,9990302D,ABC,ADI,AEE,AGN,AIV,AIV,AKAM
23,1255177D,1281683D,126784Q,1312089D,1431816D,1436513D,1431816D,1431816D,1500785D,1500785D,1500785D,1518855D,1524867D,1683997D,1684442D,1752754D,1831877D,1858968D,9990302D,A,ABT,ADM,AEP,AIG,AIZ,AIZ,ALB
24,1270Q,1284849D,1281683D,1317355D,1436513D,1518855D,1436513D,1436513D,1518855D,1518855D,1518855D,1519128D,1528159D,1684442D,1697067D,1806854D,1856613D,9876544D,A,AA,ACN,ADP,AES,AIV,AJG,AJG,ALGN
25,1281683D,1288652D,1284849D,134618Q,1621582D,1519128D,1518855D,1500785D,1519128D,1519128D,1519128D,1524867D,1541931D,1697067D,1715651D,1810430D,1858968D,9876566D,AA,AAPL,ADBE,ADS,AET,AIZ,AKAM,AKAM,ALK
26,1284849D,1312089D,1288652D,140402Q,1627457D,1621582D,1519128D,1518855D,1524867D,1524867D,1524867D,1528159D,1649858D,1715651D,1752754D,1831877D,8394653Q,9990302D,AAPL,ABBV,ADI,ADSK,AFL,AJG,ALB,ALB,ALL
27,1288652D,1317355D,1312089D,1431816D,1649858D,1627457D,1528159D,1519128D,1528159D,1528159D,1528159D,1541931D,1654539D,1752754D,1806854D,1856613D,9876544D,A,ABC,ABC,ADM,AEE,AGN,AKAM,ALGN,ALGN,ALLE
28,1291Q,1327Q,1317355D,1436513D,1683997D,1649858D,1541931D,1528159D,1541931D,1541931D,1541931D,1649858D,1683997D,1810430D,1810430D,1858968D,9876566D,AA,ABT,ABT,ADP,AEP,AIG,ALB,ALK,ALK,ALXN
29,1297Q,134618Q,134618Q,1558530D,1684442D,1683997D,1649858D,1541931D,1649858D,1649858D,1649858D,1683351D,1684442D,1812212D,1831877D,8277831Q,9990302D,AAPL,ACN,ACN,ADS,AES,AIV,ALGN,ALL,ALL,AMAT
30,1312089D,1356Q,140402Q,1567Q,1697067D,1684442D,1683351D,1649858D,1683351D,1683351D,1683351D,1683997D,1697067D,1831877D,1856613D,8394653Q,A,ABC,ADBE,ADBE,ADSK,AET,AIZ,ALK,ALLE,ALLE,AMCR
31,1317355D,140402Q,1431816D,162007Q,1703561D,1697067D,1683997D,1683351D,1683997D,1683997D,1683997D,1684442D,1704453D,1856613D,1858968D,9876544D,AA,ABT,ADI,ADI,AEE,AFL,AJG,ALL,ALXN,ALXN,AMD
32,1327Q,1423Q,1436513D,1621582D,1704453D,1704453D,1684442D,1683997D,1684442D,1684442D,1684442D,1697067D,1715651D,1858968D,3517233Q,9876566D,AAPL,ACN,ADM,ADM,AEP,AGN,AKAM,ALLE,AMAT,AMAT,AME
33,134618Q,1431816D,1558530D,1627457D,1715651D,1715651D,1697067D,1684442D,1697067D,1697067D,1697067D,1704453D,1719868D,2942331Q,8277831Q,9990302D,ABC,ADBE,ADP,ADP,AES,AIG,ALB,ALXN,AMD,AMCR,AMGN
34,1356Q,1436513D,1567Q,1649858D,1719868D,1719868D,1704453D,1697067D,1704453D,1704453D,1704453D,1715651D,1746513D,2968900Q,8394653Q,9995522D,ABT,ADI,ADSK,ADS,AET,AIV,ALK,AMAT,AME,AMD,AMP
35,1377Q,1463Q,1581Q,1683997D,1727044D,1727044D,1715651D,1704453D,1715651D,1715651D,1715651D,1719868D,1752754D,3022239Q,9876544D,A,ADBE,ADM,AEE,ADSK,AFL,AIZ,ALL,AMD,AMG,AME,AMT
36,140402Q,1511Q,1618Q,1684442D,1752754D,1746513D,1719868D,1715651D,1719868D,1719868D,1719868D,1746513D,1810430D,3286728Q,9876566D,AA,ADI,ADP,AEP,AEE,AGN,AKAM,ALLE,AME,AMGN,AMGN,AMZN
37,1423Q,1513Q,162007Q,1697067D,1778808D,1752754D,1746513D,1719868D,1746513D,1746513D,1746513D,1752754D,1812212D,3393199Q,9990302D,AAPL,ADM,ADSK,AES,AEP,AIG,ALL,ALXN,AMG,AMP,AMP,ANET
38,1436513D,1558530D,1621582D,1704453D,1789494D,1778808D,1752754D,1746513D,1752754D,1752754D,1752754D,1831877D,1831877D,3423152Q,9995522D,ABC,ADP,AEE,AET,AES,AIV,ALLE,AMAT,AMGN,AMT,AMT,ANSS
39,1455Q,1567Q,1627457D,1715651D,1799685D,1789494D,1789494D,1752754D,1799685D,1799685D,1799685D,1837572D,1856613D,3517233Q,A,ABT,ADSK,AEP,AFL,AET,AIZ,ALXN,AME,AMP,AMZN,AMZN,ANTM
40,1456Q,1581Q,1649858D,1727044D,1822785D,1799685D,1799685D,1799685D,1822785D,1822785D,1825471D,1856613D,1858968D,5656565D,AA,ADBE,AEE,AES,AGN,AFL,AKAM,AMAT,AMG,AMT,ANET,ANET,AON
41,1463Q,1618Q,1680Q,1752754D,1825471D,1822785D,1822785D,1822785D,1825471D,1825471D,1831877D,1858968D,2307532Q,8277831Q,AAPL,ADI,AEP,AET,AIG,AGN,ALL,AME,AMGN,AMZN,ANSS,ANSS,AOS
42,1511Q,162007Q,1683997D,1778808D,183291Q,1825471D,1825471D,1825471D,1831877D,1831877D,1837572D,2307532Q,2641504Q,8394653Q,ABC,ADM,AES,AFL,AIV,AIG,ALLE,AMG,AMP,ANDV,ANTM,ANTM,APD
43,1513Q,1621582D,1684442D,1789494D,1837572D,1837572D,1837572D,1831877D,1837572D,1837572D,1856613D,2641504Q,2942331Q,9876544D,ABT,ADP,AET,AGN,AIZ,AIV,ALXN,AMGN,AMT,ANSS,AON,AON,APH
44,1530Q,1627457D,1697067D,1799685D,222435Q,2269312Q,1858968D,1837572D,1856613D,1856613D,1858968D,2942331Q,2968900Q,9876566D,ACAS,ADSK,AFL,AIG,AKAM,AIZ,AMAT,AMP,AMZN,ANTM,AOS,AOS,APTV
45,1558530D,1649858D,1704453D,1801229D,2269312Q,228510Q,228510Q,1858968D,1858968D,1858968D,2307532Q,2968900Q,2987536Q,9990302D,ADBE,AEE,AGN,AIV,ALL,AKAM,AME,AMT,AN,AON,APC,APD,ARE
46,1567Q,1680Q,1715651D,1825471D,2284Q,236555Q,2307532Q,228510Q,2307532Q,2307532Q,2641504Q,2987536Q,3022239Q,9995522D,ADI,AEP,AIG,AIZ,ALXN,ALL,AMG,AMZN,ANDV,AOS,APD,APH,ATO
47,1581Q,1684442D,1727044D,183291Q,228510Q,253647Q,253647Q,2307532Q,2641504Q,2641504Q,2942331Q,2999130Q,3286728Q,A,ADM,AES,AIV,AKAM,AMAT,ALLE,AMGN,AN,ANTM,APC,APH,APTV,ATVI
48,1618Q,1697067D,1752754D,1837572D,2288005Q,2641504Q,2641504Q,2641504Q,2676187Q,2676187Q,2968900Q,3022239Q,3362726Q,AA,ADP,AET,AIZ,ALL,AMD,ALXN,AMP,ANDV,AON,APD,APTV,ARE,AVB
49,162007Q,1704453D,1778808D,2009Q,236555Q,2676187Q,2676187Q,2676187Q,2727195Q,2942331Q,2987536Q,3026360Q,3393199Q,AAPL,ADSK,AFL,AKAM,AMAT,AMGN,AMAT,AMT,ANTM,APC,APH,ARE,ATO,AVGO
50,1621582D,1715651D,1789494D,204923Q,244630Q,2727195Q,2727195Q,2727195Q,2942331Q,2968900Q,2999130Q,3080867Q,3403545Q,ABC,AEE,AGN,AKS,AMD,AMP,AME,AMZN,AON,APD,APTV,ATVI,ATVI,AVY
51,1624Q,1727044D,1799685D,2106Q,2500Q,2731112Q,2942331Q,2942331Q,2968900Q,2987536Q,3022239Q,3133754Q,3414924Q,ABKFQ,AEP,AIG,ALL,AMGN,AMT,AMGN,AN,APC,APH,ARE,AVB,AVB,AWK
52,1627457D,1752754D,1801229D,2196Q,253647Q,285939Q,2968900Q,2968900Q,2987536Q,2999130Q,3026360Q,3286728Q,3423152Q,ABT,AES,AIV,AMAT,AMP,AMZN,AMP,ANDV,APD,APTV,ATVI,AVGO,AVGO,AXP
53,1649858D,1789494D,1802Q,2200Q,2641504Q,291784Q,297504Q,297504Q,2999130Q,3022239Q,3080867Q,3393199Q,3517233Q,ACAS,AET,AIZ,AMD,AMT,AN,AMT,ANTM,APH,ATVI,AVB,AVY,AVY,AZO
54,1680Q,1789530D,1825471D,2206Q,2691Q,2942331Q,2987536Q,2987536Q,3022239Q,3026360Q,3133754Q,3403545Q,3692470Q,ADBE,AFL,AKAM,AMGN,AMZN,ANDV,AMZN,AON,APTV,AVB,AVGO,AWK,AWK,BA
55,1684442D,1799685D,183291Q,2218Q,2727195Q,2953349Q,2999130Q,2999130Q,3026360Q,3029830Q,3153670Q,3414924Q,4621824Q,ADI,AGN,AKS,AMP,AN,ANF,AN,APC,ARG,AVGO,AVY,AXP,AXP,BAC
56,1697067D,1801229D,1837572D,2223Q,2731112Q,2968900Q,3022239Q,3022239Q,3029830Q,3080867Q,3286728Q,3423152Q,5656565D,ADM,AIG,ALL,AMT,ANDV,ANTM,ANDV,APD,ATVI,AVY,AWK,AZO,AZO,BAX
57,1704453D,1802Q,1897359D,222435Q,2745Q,297504Q,3026360Q,3026360Q,3080867Q,3133754Q,3393199Q,3517233Q,8206908Q,ADP,AIV,AMAT,AMZN,ANF,AON,ANTM,APH,AVB,AWK,AXP,BA,BA,BBWI
58,1712414D,1824174D,1958Q,2251Q,2755Q,2999130Q,3029830Q,3029830Q,3133754Q,3153670Q,3403545Q,3605818Q,8277831Q,ADSK,AIZ,AMD,AN,ANRZQ,APC,AON,APTV,AVGO,AXP,AYI,BAC,BAC,BBY
59,1715651D,1825471D,1974Q,2269312Q,2770014Q,300583Q,3075558Q,3080867Q,3153670Q,3286728Q,3414924Q,3692470Q,8394653Q,AEE,AKAM,AMGN,ANDV,ANTM,APD,APC,ARG,AVY,AYI,AZO,BAX,BAX,BDX
60,1727044D,183291Q,2009Q,2282655Q,285939Q,301710Q,3080867Q,3133754Q,3286728Q,3393199Q,3423152Q,4621824Q,9876544D,AEP,AKS,AMP,ANF,AON,APH,APD,ATI,AXP,AZO,BA,BBWI,BBWI,BEN
61,1752754D,1897359D,202550Q,2284Q,291784Q,3022239Q,3133754Q,3153670Q,3393199Q,3403545Q,3517233Q,5656565D,9876566D,AES,ALL,AMT,ANTM,APC,APOL,APH,AVB,AZO,BA,BAC,BBY,BBY,BF/B
62,1789494D,1958Q,2036Q,228510Q,2942331Q,3026360Q,3153670Q,3286728Q,3403545Q,3414924Q,3605818Q,8206908Q,9990302D,AET,AMAT,AMZN,AON,APD,APTV,APTV,AVGO,BA,BAC,BAX,BDX,BDX,BIIB
63,1789530D,1974Q,204923Q,2288005Q,2953349Q,3029830Q,3277Q,3393199Q,3414924Q,3423152Q,3692470Q,8277831Q,9995522D,AFL,AMD,AN,APC,APH,ARG,ARG,AVP,BAC,BAX,BBWI,BEN,BEN,BIO
64,1799685D,202550Q,2106Q,231079Q,2968900Q,304024Q,3286728Q,3403545Q,3423152Q,3517233Q,4621824Q,8394653Q,A,AGN,AMGN,ANDV,APD,APOL,ATI,ATI,AVY,BAX,BBBY,BBY,BF/B,BF/B,BK
65,1801229D,2036Q,210967Q,236555Q,2972Q,3075558Q,329556Q,3414924Q,3517233Q,355488Q,5656565D,929530Q,AA,AIG,AMP,ANF,APH,ARG,AVB,AVB,AXP,BBBY,BBWI,BCR,BHF,BIIB,BKNG
66,1802Q,204923Q,2168Q,2428Q,297504Q,3080867Q,3346Q,3423152Q,355488Q,3605818Q,605555Q,9876544D,AAPL,AIV,AMT,ANTM,APOL,ATGE,AVP,AVP,AZO,BBWI,BBY,BDX,BIIB,BK,BKR
67,1824174D,2106Q,2196Q,244630Q,2999130Q,3133754Q,3393199Q,3517233Q,3605818Q,3621240Q,653707Q,9876566D,ABC,AIZ,AMZN,AON,ARG,ATI,AVY,AVY,BA,BBY,BCR,BEN,BK,BKNG,BLK
68,1825471D,210967Q,2200Q,2500Q,300583Q,3253Q,3403545Q,355488Q,3621240Q,3692470Q,723588Q,9990302D,ABKFQ,AKAM,AN,APC,ATGE,AVB,AXP,AXP,BAC,BCR,BDX,BF/B,BKNG,BKR,BLL
69,183291Q,2168Q,2206Q,253647Q,3022239Q,3277Q,3414924Q,3605818Q,3692470Q,4621824Q,764144Q,9995522D,ABT,ALL,ANDV,APD,ATI,AVP,AZO,AZO,BAX,BDX,BEN,BHF,BKR,BLK,BMY
70,1897359D,2196Q,2218Q,263179Q,3026360Q,3286728Q,3423152Q,3621240Q,4621824Q,502466Q,8206908Q,A,ADBE,AMAT,ANF,APH,AVB,AVY,BA,BA,BBBY,BEN,BF/B,BIIB,BLK,BLL,BR
71,1958Q,2200Q,2223Q,2638Q,3029830Q,329556Q,3517233Q,3692470Q,502466Q,519239Q,8277831Q,AA,ADI,AMD,ANTM,APOL,AVP,AXP,BAC,BAC,BBWI,BF/B,BHI,BK,BLL,BMY,BRK/B
72,1974Q,2206Q,222435Q,2691Q,304024Q,3301Q,355488Q,4621824Q,519239Q,5656565D,8394653Q,AAPL,ADM,AMGN,AON,ARG,AVY,AZO,BAX,BAX,BBY,BHI,BIIB,BKNG,BMY,BR,BSX
73,202550Q,2218Q,2251Q,2727195Q,3054Q,3346Q,3605818Q,502466Q,5656565D,605018Q,929530Q,ABC,ADP,AMP,APC,ATGE,AXP,BA,BBBY,BBBY,BCR,BIIB,BK,BKR,BR,BRK/B,BWA
74,204923Q,2223Q,2269312Q,2731112Q,3075558Q,3393199Q,3621240Q,519239Q,605018Q,605555Q,987200Q,ABKFQ,ADSK,AMT,APD,ATI,AYE,BAC,BBWI,BBWI,BDX,BK,BKNG,BLK,BRK/B,BSX,BXP
75,2106Q,2251Q,2282655Q,2745Q,3080867Q,3403545Q,3692470Q,544791Q,605555Q,653707Q,9876544D,ABT,AEE,AMZN,APH,AVB,AZO,BAX,BBY,BBY,BEN,BKNG,BLK,BLL,BSX,BWA,C
76,210811Q,2269312Q,228510Q,2755Q,3179Q,3423152Q,41018Q,605018Q,653707Q,723588Q,9876566D,ADBE,AEP,AN,APOL,AVP,BA,BBBY,BCR,BCR,BF/B,BLK,BLL,BMY,BWA,BXP,CAG
77,210967Q,2282655Q,2288005Q,2770014Q,3253Q,3517233Q,4621824Q,605555Q,723588Q,764144Q,9990302D,ADI,AES,ANDV,ATI,AVY,BAC,BBWI,BDX,BDX,BHI,BLL,BMY,BRK/B,BXP,C,CAH
78,2196Q,228510Q,231079Q,285939Q,3277Q,355488Q,502466Q,653707Q,748957Q,8394653Q,9995522D,ADM,AET,ANF,AVB,AXP,BAX,BBY,BEN,BEN,BIIB,BMY,BRK/B,BSX,C,CAG,CARR
79,2200Q,2288005Q,231330Q,291784Q,3286728Q,3605818Q,544791Q,680884Q,764144Q,929530Q,A,ADP,AFL,ANTM,AVP,AYE,BBBY,BCR,BF/B,BF/B,BK,BRCM,BSX,BWA,CAG,CAH,CAT
80,2206Q,231079Q,236555Q,2953349Q,329556Q,3621240Q,605018Q,723588Q,929530Q,945852Q,AA,ADSK,AGN,AON,AVY,AZO,BBWI,BDX,BHI,BHI,BKNG,BRK/B,BWA,BXP,CAH,CAT,CB
81,2218Q,231330Q,2428Q,2964Q,3301Q,3692470Q,605555Q,748957Q,945852Q,987200Q,AAPL,AEE,AIG,APC,AXP,BA,BBY,BEN,BIG,BIIB,BLK,BSX,BXP,C,CAT,CB,CBOE
82,2223Q,236555Q,2500Q,2968900Q,3346Q,41018Q,653707Q,8214761Q,987200Q,9876544D,ABC,AEP,AIV,APD,AYE,BAC,BCR,BF/B,BIIB,BK,BLL,BWA,C,CA,CB,CBOE,CBRE
83,2251Q,2428Q,253647Q,2972Q,3393199Q,45200Q,677004Q,929530Q,9876544D,9876566D,ABKFQ,AES,ALL,APOL,AZO,BAX,BDX,BHI,BK,BKNG,BMY,BXLT,CA,CAG,CBOE,CBRE,CCI
84,2269312Q,2500Q,263179Q,297504Q,3403545Q,502466Q,680884Q,945852Q,9876566D,9990302D,ABT,AET,AMAT,ASH,BA,BBBY,BEN,BIG,BKNG,BLK,BRCM,BXP,CAG,CAH,CBRE,CCI,CCL
85,2282655Q,253647Q,2638Q,2999130Q,3423152Q,544791Q,723588Q,987200Q,9990302D,9995522D,ADBE,AFL,AMD,ATI,BAC,BBWI,BF/B,BIIB,BLK,BLL,BRK/B,C,CAH,CAT,CCI,CCL,CDNS
86,2288005Q,263179Q,2691Q,300583Q,3459Q,571300Q,739306Q,9876544D,9995522D,A,ADI,AGN,AMGN,AVB,BAX,BBY,BHI,BK,BLL,BMS,BSX,CA,CAT,CB,CCL,CDNS,CDW
87,231079Q,2638Q,2727195Q,3022239Q,3517233Q,605555Q,748957Q,9876566D,A,AA,ADM,AIG,AMP,AVP,BBBY,BCR,BIG,BKNG,BMC,BMY,BWA,CAG,CB,CBOE,CDNS,CDW,CE
88,231330Q,2691Q,2731112Q,3026360Q,3546Q,653707Q,8214761Q,9990302D,AA,AAPL,ADP,AIV,AMZN,AVY,BBWI,BDK,BIIB,BLK,BMS,BRCM,BXP,CAH,CBRE,CBRE,CE,CE,CERN
89,236555Q,2727195Q,2745Q,304024Q,355488Q,667517Q,89236Q,9995522D,AAMRQ,ABC,ADSK,ALL,AN,AW,BBY,BDX,BK,BLL,BMY,BRK/B,C,CAM,CCI,CCI,CELG,CERN,CF
90,2428Q,2731112Q,2755Q,3054Q,3605818Q,677004Q,929530Q,A,AAPL,ABKFQ,AEE,AMAT,ANTM,AXP,BCR,BEN,BKNG,BMC,BRCM,BSX,CA,CAT,CCL,CCL,CERN,CF,CFG
91,2500Q,2745Q,2770014Q,3080867Q,3621240Q,680884Q,945852Q,AA,ABC,ABT,AEP,AMCC,AON,AYE,BDK,BF/B,BLL,BMS,BRK/B,BTUUQ,CAG,CB,CELG,CDNS,CF,CFG,CHD
92,253647Q,2746Q,2822069Q,3147Q,363096Q,68335Q,950967Q,AAMRQ,ABKFQ,ADBE,AES,AMD,APC,AZO,BDX,BHI,BMC,BMY,BSX,BWA,CAH,CBRE,CERN,CELG,CFG,CHD,CHRW
93,2576Q,2755Q,285939Q,3179Q,3692470Q,723588Q,987200Q,AAPL,ABT,ADI,AET,AMGN,APD,BA,BEN,BIG,BMS,BRCM,BTUUQ,BXP,CAM,CCEP,CF,CERN,CHD,CHRW,CHTR
94,263179Q,2770014Q,291784Q,3253Q,375573Q,739306Q,9876566D,ABC,ADBE,ADM,AFL,AMP,APOL,BAC,BF/B,BIIB,BMY,BRK/B,BWA,C,CAT,CCI,CFG,CF,CHRW,CHTR,CI
95,2638Q,2784Q,2953349Q,3277Q,3891289Q,748957Q,9990302D,ABKFQ,ADI,ADP,AGN,AMZN,ASH,BAX,BHI,BK,BRCM,BSX,BXP,CA,CB,CCL,CHD,CFG,CHTR,CI,CINF
96,2650Q,2822069Q,2964Q,3286728Q,390297Q,8214761Q,9995522D,ABT,ADM,ADSK,AIG,AN,ATI,BBBY,BIG,BKNG,BRK/B,BTUUQ,C,CAG,CBRE,CELG,CHKAQ,CHD,CI,CINF,CL
97,2691Q,285939Q,2972Q,329556Q,399463Q,827663Q,A,ADBE,ADP,AEE,AIV,ANDW,AVP,BBWI,BIIB,BLL,BSX,BWA,CA,CAH,CCEP,CERN,CHRW,CHKAQ,CINF,CL,CLX
98,2727195Q,291784Q,297504Q,3301Q,41018Q,929530Q,AA,ADI,ADSK,AEP,ALL,ANTM,AVY,BBY,BK,BMC,BTUUQ,BXP,CAG,CAM,CCI,CF,CHTR,CHRW,CL,CLX,CMA
99,2731112Q,2972Q,2999130Q,3346Q,45200Q,945852Q,AAMRQ,ADM,AEE,AES,AMAT,AON,AW,BC,BLL,BMS,BXP,C,CAH,CAT,CCL,CHD,CI,CHTR,CLX,CMA,CMCSA
100,2745Q,297504Q,300583Q,3393199Q,544791Q,950967Q,AAPL,ADP,AEP,AET,AMCC,APC,AXP,BCR,BMC,BMY,C,CA,CAM,CB,CELG,CHKAQ,CINF,CI,CMA,CMCSA,CME
101,2746Q,2987Q,3022239Q,3459Q,548227Q,987200Q,ABKFQ,ADSK,AES,AFL,AMD,APD,AYE,BDK,BMS,BNI,CA,CAG,CAT,CBRE,CERN,CHRW,CL,CINF,CMCSA,CME,CMG
102,2755Q,2999130Q,3026360Q,3517233Q,571300Q,9876566D,ABT,AEE,AET,AGN,AMGN,APOL,AZO,BDX,BMY,BRCM,CAG,CAH,CB,CCEP,CF,CI,CLX,CL,CME,CMG,CMI
103,2770014Q,300583Q,304024Q,3520842Q,605555Q,9990302D,ADBE,AEP,AFL,AIG,AN,ASH,BA,BEN,BNI,BSX,CAH,CAM,CBRE,CCI,CFN,CINF,CMA,CLX,CMG,CMI,CMS
104,2784Q,3022239Q,3054Q,3546Q,611647Q,9995522D,ADI,AES,AGN,AIV,ANDW,ATI,BAC,BF/B,BRCM,BTUUQ,CAM,CAT,CCEP,CCL,CHKAQ,CL,CMCSA,CMA,CMI,CMS,CNC
105,279776Q,3026360Q,3080867Q,3605818Q,653707Q,AA,ADM,AET,AIG,ALL,ANTM,AVP,BAX,BHI,BSX,BXP,CAT,CB,CCI,CELG,CHRW,CLX,CME,CMCSA,CMS,CNC,CNP
106,2822069Q,304024Q,3147596Q,3619382Q,667517Q,AAMRQ,ADP,AFL,ALL,AMAT,AON,AVY,BBBY,BIG,BTUUQ,C,CB,CBE,CCL,CERN,CI,CMA,CMG,CME,CNC,CNP,COF
107,291784Q,3054Q,3147Q,3621240Q,677004Q,AAPL,ADSK,AGN,AMAT,AMCC,APC,AW,BBWI,BIIB,BXP,CA,CBRE,CBRE,CELG,CF,CINF,CMCSA,CMI,CMG,CNP,COF,COG
108,2972Q,3080867Q,316419Q,363096Q,680884Q,ABT,AEE,AIG,AMCC,AMD,APD,AXP,BBY,BK,C,CAG,CCEP,CCEP,CERN,CFN,CL,CME,CMS,CMI,COF,COG,COO
109,297504Q,3147596Q,3253Q,3692470Q,68335Q,ACKH,AEP,ALL,AMD,AMGN,APOL,AYE,BC,BLL,CA,CAH,CCL,CCL,CF,CHKAQ,CLX,CMG,CNC,CMS,COG,COO,COP
110,2987Q,3147Q,3277Q,370506Q,723588Q,ADBE,AES,AMAT,AMGN,AN,ASH,AZO,BCR,BMC,CAG,CAM,CEG,CEG,CFN,CHRW,CMA,CMI,CNP,CNC,COO,COP,COST
111,2999130Q,316419Q,3286728Q,375573Q,739306Q,ADI,AET,AMCC,ANDW,ANDW,ATI,BA,BDK,BMS,CAH,CAT,CELG,CELG,CHKAQ,CI,CMCSA,CMS,COF,CNP,COP,COST,CPB
112,300583Q,3253Q,329556Q,3891289Q,748957Q,ADM,AFL,AMD,ANTM,ANTM,AVP,BAC,BDX,BMY,CAM,CBRE,CEPH,CERN,CHRW,CINF,CME,CNP,COG,COF,COST,COTY,CPRT
113,3022239Q,3277Q,3346Q,399463Q,8214761Q,ADP,AGN,AMGN,AON,AON,AVY,BAX,BEN,BNI,CAT,CCEP,CERN,CF,CI,CL,CMG,CNX,COL,COG,COTY,CPB,CRM
114,3026360Q,3286728Q,334702Q,41018Q,827663Q,ADSK,AIG,ANDW,APC,APC,AW,BBBY,BF/B,BRCM,CBE,CCL,CF,CFN,CINF,CLF,CMI,COF,COO,COL,CPB,CPRI,CSCO
115,304024Q,329556Q,3393199Q,45200Q,841273Q,AEE,ALL,AON,APD,APD,AXP,BBWI,BHI,BRL,CBRE,CEG,CFN,CHKAQ,CL,CLX,CMS,COG,COP,COO,CPRI,CPRT,CSX
116,3054Q,3346Q,3459Q,45861Q,896661Q,AEP,AMAT,APC,APOL,APOL,AYE,BBY,BIG,BSX,CCEP,CELG,CHKAQ,CHRW,CLF,CMA,CNP,COL,COST,COP,CPRT,CRM,CTAS
117,3080867Q,334702Q,3517233Q,504369Q,929530Q,AES,AMD,APD,ASH,ASH,AZO,BC,BIIB,BTUUQ,CCL,CEPH,CHRW,CI,CLX,CMCSA,CNX,COP,COTY,COST,CRM,CSCO,CTLT
118,3147596Q,3393199Q,3520842Q,544791Q,93916Q,AFL,AMGN,ASH,ATI,ATI,BA,BCR,BK,BXP,CEG,CF,CI,CINF,CMA,CME,COF,COST,CPB,COTY,CSCO,CSX,CTSH
119,316419Q,3459Q,3605818Q,571300Q,945852Q,AFS,ANDW,ATI,AVP,AVP,BAC,BDK,BLL,C,CELG,CFN,CINF,CL,CMCSA,CMG,COG,CPB,CPRI,CPB,CSX,CTAS,CTVA
120,3253Q,3517233Q,3619382Q,605555Q,950967Q,AGN,AON,AVP,AVY,AVY,BAX,BDX,BLS,CA,CEPH,CHKAQ,CL,CLF,CME,CMI,COL,CPGX,CRM,CPRI,CTAS,CTSH,CTXS
121,3277Q,3520842Q,3621240Q,611647Q,968734Q,AIG,APC,AVY,AW,AW,BBBY,BEN,BMC,CAG,CF,CHRW,CLF,CLX,CMG,CMS,COP,CPRI,CSCO,CRM,CTSH,CTVA,CVS
122,3286728Q,3605818Q,363096Q,62553Q,987200Q,ALL,APD,AW,AWE,AWE,BBWI,BF/B,BMS,CAH,CHKAQ,CI,CLX,CMA,CMI,CNP,COST,CRM,CSRA,CSCO,CTXS,CTXS,CVX
123,329556Q,3619382Q,3692470Q,653707Q,9876566D,AMAT,ASH,AWE,AXP,AXP,BBY,BHI,BMY,CAT,CHRW,CINF,CMA,CMCSA,CMS,CNX,COV,CSCO,CSX,CSRA,CVS,CVS,CXO
124,334702Q,3621240Q,370506Q,667517Q,9990302D,AMD,ATI,AXP,AYE,AYE,BC,BIG,BNI,CB,CI,CL,CMCSA,CME,CNP,COF,CPB,CSRA,CTAS,CSX,CVX,CVX,D
125,3393199Q,363096Q,375573Q,677004Q,AA,AMGN,AVP,AYE,AZO,AZO,BCR,BIIB,BOL,CBE,CIEN,CLF,CME,CMG,CNX,COG,CPRI,CSX,CTSH,CTAS,CXO,CXO,DAL
126,3459Q,3692470Q,3891289Q,680884Q,AAMRQ,ANDW,AVY,AZO,BA,BA,BDK,BK,BRCM,CBRE,CINF,CLX,CMI,CMI,COF,COL,CRM,CTAS,CTXS,CTSH,D,D,DD
127,3517233Q,370506Q,399463Q,68335Q,AAPL,AON,AW,BA,BAC,BAC,BDX,BLL,BRL,CCEP,CITGQ,CMA,CMS,CMS,COG,COP,CSC,CTSH,CVS,CTXS,DAL,DAL,DE
128,3520842Q,375573Q,41018Q,69895Q,ABT,APC,AXP,BAC,BAX,BAX,BEN,BLS,BSX,CCL,CL,CMCSA,CNP,CNP,COL,COST,CSCO,CTXS,CVX,CVS,DD,DD,DFS
129,3605818Q,3891289Q,45200Q,723588Q,ACKH,APD,AYE,BAX,BBBY,BBBY,BF/B,BMC,BTUUQ,CCTYQ,CLX,CME,CNX,CNX,COP,COV,CSX,CVC,CXO,CVX,DE,DE,DG
130,3619382Q,399463Q,45861Q,739306Q,ADBE,ASH,AZA,BBBY,BBWI,BBWI,BHI,BMS,BXP,CEG,CMA,CMI,COF,COF,COST,CPB,CTAS,CVS,D,CXO,DFS,DFS,DGX
131,3621240Q,41018Q,504369Q,748957Q,ADM,ATI,AZO,BBWI,BBY,BBY,BIG,BMY,C,CELG,CMCSA,CMS,COG,COG,COV,CPRI,CTSH,CVX,DAL,D,DG,DG,DHI
132,363096Q,45200Q,544791Q,8214761Q,ADP,AVP,BA,BBY,BC,BC,BIIB,BNI,CA,CFC,CME,CNP,COL,COL,CPB,CRM,CTXS,D,DE,DAL,DGX,DGX,DHR
133,3692470Q,45861Q,571300Q,827663Q,ADSK,AVY,BAC,BC,BCR,BCR,BK,BOL,CAG,CHKAQ,CMI,CNX,COP,COP,CPPRQ,CSC,CVC,DAL,DFS,DD,DHI,DHI,DIS
134,370506Q,504369Q,605555Q,896661Q,AEE,AW,BAX,BCR,BDK,BDK,BLL,BRCM,CAH,CHRW,CMS,COF,COST,COST,CRM,CSCO,CVS,DE,DG,DE,DHR,DHR,DISCA
135,375573Q,544791Q,611647Q,929530Q,AEP,AXP,BBBY,BDK,BDX,BDX,BLS,BSX,CAT,CI,CNP,COG,CPB,COV,CSC,CSX,CVX,DFS,DGX,DFS,DIS,DIS,DISCK
136,3891289Q,571300Q,62553Q,93916Q,AES,AZA,BBWI,BDX,BEN,BEN,BMC,C,CB,CIEN,CNX,COL,CPPRQ,CPB,CSCO,CTAS,D,DG,DHI,DG,DISCA,DISCA,DISH
137,399463Q,605555Q,653707Q,950967Q,AFS,AZO,BBY,BEN,BF/B,BF/B,BMS,CA,CBE,CINF,COF,COP,CRM,CPPRQ,CSX,CTSH,DAL,DGX,DHR,DGX,DISCK,DISCK,DLR
138,41018Q,611647Q,667517Q,968734Q,AIG,BA,BC,BF/B,BGEN,BHI,BMY,CAG,CBRE,CITGQ,COG,COST,CSC,CRM,CTAS,CTXS,DE,DHI,DIS,DHI,DISH,DISH,DLTR
139,45200Q,653707Q,677004Q,987200Q,ALL,BAC,BCR,BGEN,BHI,BIG,BNI,CAH,CCEP,CL,COL,CPB,CSCO,CSC,CTSH,CVC,DFS,DHR,DISCA,DHR,DLR,DLR,DOV
140,45861Q,667517Q,680884Q,9876566D,AMAT,BAX,BDK,BHI,BIG,BIIB,BOL,CAR,CCL,CLX,COP,CPPRQ,CSX,CSCO,CTXS,CVS,DG,DIS,DISCK,DIS,DLTR,DLTR,DOW
141,504369Q,677004Q,68335Q,9990302D,AMD,BBBY,BDX,BIG,BK,BK,BRCM,CAT,CCTYQ,CMA,COST,CRM,CTAS,CSX,CVC,CVX,DGX,DISCA,DLR,DISCA,DOV,DOV,DPZ
142,544791Q,680884Q,693365Q,AA,AMGN,BBWI,BEN,BK,BLL,BLL,BSX,CB,CEG,CMCSA,COV,CSC,CTSH,CTAS,CVH,D,DHI,DISCK,DLTR,DISCK,DRE,DOW,DRE
143,571300Q,68335Q,69895Q,AAMRQ,ANDW,BBY,BF/B,BLL,BLS,BLS,C,CBE,CELG,CME,CPB,CSCO,CTXS,CTSH,CVS,DAL,DHR,DLTR,DOV,DISH,DRI,DRE,DRI
144,605555Q,693365Q,723588Q,AAPL,AON,BC,BGEN,BLS,BMC,BMC,CA,CCEP,CFC,CMI,CPPRQ,CSX,CVC,CTXS,CVX,DE,DIS,DOFSQ,DRI,DLR,DTE,DRI,DTE
145,611647Q,723588Q,739306Q,ABT,APC,BCR,BGGSQ,BMC,BMS,BMS,CAG,CCL,CHKAQ,CMS,CRM,CTAS,CVH,CVC,D,DFS,DISCA,DOV,DTE,DLTR,DUK,DTE,DUK
146,653707Q,739306Q,748957Q,ACKH,APD,BDK,BHI,BMS,BMY,BMY,CAH,CCTYQ,CI,CNP,CSC,CTSH,CVS,CVH,DE,DG,DISCK,DRI,DUK,DOV,DVA,DUK,DVA
147,667517Q,748957Q,8214761Q,ADBE,ASH,BDX,BIG,BMY,BNI,BNI,CAR,CEG,CIEN,CNX,CSCO,CTXS,CVX,CVS,DFODQ,DGX,DLTR,DTE,DVA,DRE,DVN,DVA,DVN
148,677004Q,8214761Q,896661Q,ADM,ATI,BEN,BK,BNI,BOL,BOL,CAT,CFC,CINF,COF,CSX,CVH,D,CVX,DFS,DHI,DNRCQ,DUK,DVN,DRI,DXC,DVN,DXC
149,680884Q,896661Q,90457Q,ADP,AVP,BF/B,BLL,BOL,BRCM,BRCM,CB,CI,CITGQ,COL,CTAS,CVS,DE,D,DG,DHR,DOFSQ,DVA,EA,DTE,EA,DXC,DXCM
150,68335Q,90457Q,929530Q,ADSK,AVY,BGGSQ,BLS,BRCM,BSX,BSX,CBE,CIEN,CL,COP,CTSH,CVX,DFODQ,DE,DGX,DIS,DOV,DVN,EBAY,DUK,EBAY,EA,EA
151,693365Q,929530Q,93916Q,AEP,AXP,BHI,BMC,BSX,C,C,CCEP,CIN,CLX,COST,CTXS,D,DFS,DFODQ,DHI,DISCA,DRI,EA,ECL,DVA,ECL,EBAY,EBAY
152,723588Q,93916Q,950967Q,AIG,AZA,BHMSQ,BMS,C,CA,CA,CCL,CINF,CMA,COV,CVG,DE,DGX,DFS,DHR,DLTR,DTE,EBAY,ED,DVN,ED,ECL,ECL
153,739306Q,950967Q,968734Q,ALL,AZO,BIG,BMY,CA,CAG,CAG,CCTYQ,CITGQ,CMCSA,CPB,CVH,DFODQ,DHI,DGX,DIS,DNRCQ,DUK,ECL,EFX,DXC,EFX,ED,ED
154,748957Q,968734Q,987200Q,AMAT,BA,BK,BNI,CAG,CAH,CAH,CEG,CL,CME,CPPRQ,CVS,DFS,DHR,DHI,DISCA,DOFSQ,DVA,ED,EIX,EA,EIX,EFX,EFX
155,8214761Q,987200Q,9876566D,AMD,BAC,BLL,BOL,CAH,CAR,CAR,CFC,CLX,CMI,CSC,CVX,DGX,DIS,DHR,DLTR,DOV,DVN,EFX,EL,EBAY,EL,EIX,EIX
156,8375930Q,9876566D,AA,AMGN,BAX,BLS,BRCM,CAR,CAT,CAT,CI,CMA,CMS,CSCO,D,DHI,DISCA,DIS,DNRCQ,DRI,EA,EIX,EMN,ECL,EMN,EL,EL
157,896661Q,AA,AALEA,ANDW,BBWI,BMC,BSX,CAT,CB,CB,CIEN,CMCSA,CMVT,CSX,DE,DHR,DNRCQ,DISCA,DOFSQ,DTE,EBAY,EL,EMR,ED,EMR,EMN,EMN
158,90457Q,AALEA,AAMRQ,AON,BC,BMS,BVSN,CBE,CBE,CBE,CIN,CMI,CMX,CTAS,DFODQ,DIS,DOFSQ,DLTR,DOV,DUK,ECL,EMC,ENDP,EFX,EOG,EMR,EMR
159,929530Q,AAMRQ,AAPL,APC,BCR,BMY,C,CCEP,CCEP,CCEP,CINF,CMS,CNP,CTSH,DFS,DNRCQ,DOV,DNRCQ,DRI,DVA,ED,EMN,EOG,EIX,EQIX,EOG,EOG
160,93916Q,AAPL,ABT,APD,BDK,BNI,CA,CCL,CCL,CCL,CITGQ,CMVT,CNX,CTXS,DGX,DOFSQ,DRI,DOFSQ,DTE,DVN,EFX,EMR,EQIX,EL,EQR,EQIX,EQIX
161,950967Q,ABT,ACKH,AS,BDX,BOL,CAG,CCTYQ,CCTYQ,CCTYQ,CL,CMX,COF,CVG,DHI,DOV,DTE,DOV,DUK,EA,EIX,ENDP,EQR,EMN,ES,EQR,EQR
162,968734Q,ACKH,ADM,ASH,BEN,BSX,CAH,CEG,CEG,CEG,CLX,CNP,COL,CVH,DHR,DRI,DUK,DRI,DVA,EBAY,EL,EOG,EQT,EMR,ESS,ES,ES
163,987200Q,ADM,ADP,ATI,BF/B,C,CAR,CFC,CFC,CFC,CMA,COF,COP,CVS,DIS,DTE,DVA,DTE,DVN,ECL,EMC,EQIX,ES,EOG,ETFC,ESS,ESS
164,9876566D,ADP,ADSK,AVP,BGGSQ,CA,CAT,CI,CI,CI,CMCSA,COL,COST,CVX,DOV,DUK,DVN,DUK,EA,ED,EMN,EQR,ESRX,EQIX,ETN,ETFC,ETN
165,AA,ADSK,AEP,AVY,BHI,CAG,CBE,CIEN,CIEN,CIEN,CMI,COP,CPB,D,DRI,DVA,EA,DVA,EBAY,EFX,EMR,EQT,ESS,EQR,ETR,ETN,ETR
166,AALEA,AEP,AIG,AXP,BHMSQ,CAH,CCEP,CIN,CIN,CIN,CMS,COST,CPPRQ,DDS,DTE,DVN,EBAY,DVN,ECL,EIX,EOG,ES,ETFC,EQT,EVRG,ETR,ETSY
167,AAMRQ,AIG,ALL,AZA,BIG,CAR,CCL,CINF,CINF,CINF,CMVT,CPB,CSC,DE,DUK,EA,ECL,EA,ED,EL,EQR,ESRX,ETN,ES,EW,EVRG,EVRG
168,AAPL,ALL,AMAT,AZO,BK,CAT,CCTYQ,CL,CL,CL,CMX,CPPRQ,CSCO,DFODQ,DVA,EBAY,ED,EBAY,EFX,EMC,EQT,ESS,ETR,ESRX,EXC,EW,EW
169,ABT,AMAT,AMD,BA,BKB,CBE,CEG,CLX,CLX,CLX,CNP,CSC,CSX,DFS,DVN,ECL,EFX,ECL,EIX,EMN,ES,ETFC,EVHC,ESS,EXPD,EXC,EXC
170,ACKH,AMD,AMGN,BAC,BLL,CCEP,CFC,CMA,CMA,CMA,COF,CSCO,CTAS,DGX,DYNIQ,ED,EIX,ED,EL,EMR,ESRX,ETN,EW,ETFC,EXPE,EXPD,EXPD
171,ADM,AMGN,ANDW,BAX,BLS,CCK,CGP,CMCSK,CMCSA,CMCSA,COL,CSX,CTSH,DHI,EA,EFX,EL,EFX,EMC,EOG,ESS,ETR,EXC,ETN,EXR,EXPE,EXPE
172,ADP,ANDW,AON,BBWI,BMC,CCL,CI,CMI,CMI,CMI,COP,CTAS,CTXS,DHR,EBAY,EIX,EMC,EIX,EMN,EQR,ETFC,EW,EXPD,ETR,F,EXR,EXR
173,ADSK,APD,APD,BC,BMG,CCTYQ,CIN,CMS,CMS,CMS,COST,CTB,CVG,DIS,ECL,EKDKQ,EMN,EL,EMR,EQT,ETN,EXC,EXPE,EVHC,FANG,F,F
174,AEP,AS,AS,BCR,BMS,CEG,CINF,CMVT,CMVT,CMVT,CPB,CTXS,CVH,DOV,ED,EL,EMR,EMC,EOG,ES,ETR,EXPD,EXR,EW,FAST,FANG,FANG
175,AIG,ASH,ASH,BDK,BMY,CFC,CL,CNCEQ,CNP,CNP,CPNLQ,CVG,CVS,DRI,EFX,EMC,EOG,EMN,EQR,ESRX,EW,EXPE,F,EXC,FB,FAST,FAST
176,AMD,AVP,ATI,BDX,BNI,CGP,CLX,CNP,COF,COF,CPPRQ,CVH,CVX,DTE,EIX,EMN,EP,EMR,EQT,ETFC,EXC,F,FAST,EXPD,FBHS,FB,FB
177,AMGN,AVY,AVP,BF/B,BOL,CI,CMA,COC,COL,COL,CSC,CVS,D,DUK,EKDKQ,EMR,EQR,EOG,ES,ETN,EXPD,FAST,FB,EXPE,FCX,FBHS,FBHS
178,ANDW,AXP,AVY,BGGSQ,BSX,CIN,CMCSK,COF,COP,COP,CSCO,CVX,DDS,DVN,EL,EOG,EQT,EP,ESRX,ETR,EXPE,FB,FBHS,EXR,FDX,FCX,FCX
179,APD,AZA,AXP,BHI,C,CINF,CMI,COL,COST,COST,CSX,D,DE,DYNIQ,EMC,EP,ES,EQR,ETFC,EW,F,FCX,FCX,F,FE,FDX,FDX
180,AS,BA,AZA,BHMSQ,CA,CL,CMS,COP,CPB,CPB,CTAS,DCNAQ,DFODQ,EA,EMN,EQR,ESRX,EQT,ETN,EXC,FAST,FDX,FDX,FAST,FFIV,FE,FE
181,ASH,BAC,BA,BK,CAG,CLX,CMVT,COST,CPNLQ,CPNLQ,CTB,DDS,DGX,EBAY,EMR,EQT,ETFC,ES,ETR,EXPD,FB,FE,FE,FB,FIS,FFIV,FFIV
182,AVP,BAX,BAC,BKB,CAH,CMA,CNCEQ,CPB,CPPRQ,CPPRQ,CTXS,DE,DHI,ECL,EOG,ES,ETN,ESRX,EW,EXPE,FCX,FFIV,FFIV,FBHS,FISV,FIS,FIS
183,AVY,BBWI,BAX,BLL,CAR,CMCSK,CNP,CPNLQ,CR,CR,CVG,DGX,DHR,ED,EP,ESRX,ETR,ETFC,EXC,F,FDO,FIS,FIS,FCX,FITB,FISV,FISV
184,AXP,BC,BBWI,BLS,CAT,CMI,COC,CPPRQ,CSC,CSC,CVS,DHI,DIS,EFX,EQR,ETFC,EXC,ETN,EXPD,FAST,FDX,FISV,FISV,FDX,FL,FITB,FITB
185,AZA,BCO,BC,BMG,CBE,CMS,COF,CR,CSCO,CSCO,CVX,DHR,DJ,EIX,EQT,ETN,EXPD,ETR,EXPE,FB,FE,FITB,FITB,FE,FLIR,FLIR,FLIR
186,BA,BCR,BCR,BMS,CCEP,CMVT,COP,CSC,CSX,CSX,D,DIS,DOV,EKDKQ,ESRX,ETR,EXPE,EW,F,FCX,FFIV,FLIR,FL,FFIV,FLR,FLS,FLS
187,BAC,BDK,BDK,BMY,CCK,CNCEQ,COST,CSCO,CTAS,CTAS,DALRQ,DJ,DRI,EL,ETFC,EXC,F,EXC,FAST,FDO,FIS,FLR,FLIR,FIS,FLS,FLT,FLT
188,BAX,BDX,BDX,BNI,CCL,CNP,CPB,CSX,CTB,CTB,DCNAQ,DOV,DTE,EMC,ETN,EXPD,FAST,EXPD,FCX,FDX,FISV,FLS,FLR,FISV,FLT,FMC,FMC
189,BBWI,BF/B,BF/B,BOL,CCTYQ,COC,CPNLQ,CTAS,CTXS,CTXS,DDS,DRI,DUK,EMN,ETR,EXPE,FCX,EXPE,FDO,FE,FITB,FMC,FLS,FITB,FMC,FOX,FOX
190,BC,BGGSQ,BGGSQ,BSX,CEG,COF,CPPRQ,CTB,CVG,CVG,DE,DTE,DVN,EMR,EXC,F,FDO,F,FDX,FFIV,FLIR,FOSL,FMC,FL,FRT,FOXA,FOXA
191,BCO,BHI,BHI,C,CFC,COP,CR,CTXS,CVS,CVS,DGX,DUK,DYNIQ,EOG,EXPD,FAST,FDX,FAST,FE,FIS,FLR,FSLR,FRT,FLIR,FTI,FRC,FRC
192,BCR,BHMSQ,BHMSQ,CA,CGP,COST,CSC,CVG,CVX,CVX,DHR,DVN,EA,EP,EXPE,FCX,FE,FCX,FFIV,FISV,FLS,FTI,FSLR,FLR,FTNT,FRT,FRT
193,BDK,BK,BK,CAG,CI,CPB,CSCO,CVS,D,D,DIS,DYNIQ,EBAY,EQR,F,FDO,FFIV,FDO,FHI,FITB,FMC,FTRCQ,FTI,FLS,FTV,FTI,FTI
194,BDX,BKB,BKB,CAH,CIN,CPPRQ,CSX,CVX,DALRQ,DALRQ,DJ,EA,ECL,ESRX,FAST,FDX,FHI,FDX,FHN,FLIR,FOSL,GAS,FTRCQ,FMC,GD,FTNT,FTNT
195,BF/B,BLL,BLL,CAR,CINF,CR,CTB,D,DCNAQ,DCNAQ,DOV,EBAY,ED,ETFC,FCX,FE,FHN,FE,FIS,FLR,FSLR,GD,FTV,FRT,GE,FTV,FTV
196,BGGSQ,BLS,BLS,CAT,CL,CSC,CTXS,DALRQ,DDS,DDS,DPHIQ,ECL,EFX,ETN,FDO,FHI,FIS,FFIV,FISV,FLS,FTI,GE,GD,FTI,GILD,GD,GD
197,BHI,BLY,BMG,CBE,CLX,CSCO,CVG,DCNAQ,DE,DE,DRI,ED,EIX,ETR,FDX,FHN,FISV,FHI,FITB,FMC,FTRCQ,GGP,GE,FTV,GIS,GE,GE
198,BHMSQ,BMS,BMS,CCK,CMA,CSX,CVS,DDS,DGX,DGX,DTE,EFX,EKDKQ,EXC,FE,FIS,FITB,FHN,FLIR,FOSL,GAS,GILD,GGP,GD,GL,GILD,GILD
199,BKB,BMY,BMY,CCTYQ,CMCSK,CTB,CVX,DE,DHR,DHR,DUK,EIX,EL,EXPD,FHI,FISV,FLIR,FIS,FLR,FSLR,GD,GIS,GILD,GE,GLW,GIS,GIS
200,BLL,BNI,BNI,CEG,CMI,CTXS,D,DHR,DIS,DIS,DVN,EKDKQ,EMC,EXPE,FHN,FITB,FLR,FISV,FLS,FTI,GE,GL,GIS,GGP,GM,GL,GL
201,BLS,BOL,BOL,CFC,CNCEQ,CVS,DALRQ,DIS,DJ,DJ,DYNIQ,EMC,EMN,F,FIS,FLIR,FLS,FITB,FMC,FTRCQ,GGP,GLW,GL,GILD,GOOG,GLW,GLW
202,BLY,BSX,BSX,CGP,CNP,CVX,DCNAQ,DJ,DLX,DLX,EA,EMN,EMR,FCX,FISV,FLR,FMC,FLIR,FOSL,GAS,GILD,GM,GLW,GIS,GOOGL,GM,GM
203,BMS,C,C,CI,COF,D,DDS,DLX,DOV,DOV,EBAY,EMR,EOG,FDO,FITB,FLS,FSLR,FLR,FSLR,GD,GIS,GMCR,GM,GL,GPC,GOOG,GOOG
204,BMY,CA,CA,CIN,COP,DALRQ,DE,DOV,DPHIQ,DPHIQ,ECL,EOG,EOP,FDX,FLR,FMC,FTI,FLS,FTI,GE,GL,GME,GOOG,GLW,GPN,GOOGL,GOOGL
205,BNI,CAG,CAG,CINF,COST,DCNAQ,DHR,DPHIQ,DRI,DRI,ED,EOP,EP,FE,FLS,FSLR,FTRCQ,FMC,FTRCQ,GGP,GLW,GOOG,GOOGL,GM,GPS,GPC,GPC
206,BOL,CAL,CAR,CL,CPB,DDS,DIS,DRI,DTE,DTE,EFX,EP,EQR,FHI,FTRCQ,FTI,GD,FSLR,GAS,GHC,GM,GOOGL,GPC,GOOG,GRMN,GPN,GPN
207,BSET,CAR,CAT,CLX,CPPRQ,DE,DJ,DTE,DUK,DUK,EIX,EQR,ESRX,FHN,GD,FTRCQ,GE,FTI,GD,GILD,GMCR,GPC,GPN,GOOGL,GS,GPS,GPS
208,C,CAT,CBE,CMA,CR,DHR,DLX,DUK,DVN,DVN,EKDKQ,ESRX,ETFC,FIS,GE,GD,GENZ,FTRCQ,GE,GIS,GME,GPS,GPS,GPC,GT,GRMN,GRMN
209,CA,CBE,CCK,CMCSK,CSC,DIS,DOV,DVN,DYNIQ,DYNIQ,EMC,ETFC,ETN,FISV,GENZ,GE,GHC,GAS,GHC,GL,GNW,GRMN,GRMN,GPN,GWW,GS,GS
210,CAG,CCK,CCTYQ,CMI,CSCO,DJ,DPHIQ,DYNIQ,EA,EA,EMN,ETN,ETR,FITB,GHC,GENZ,GILD,GD,GILD,GLW,GOOG,GS,GS,GPS,HAL,GWW,GWW
211,CAL,CCTYQ,CEG,CNCEQ,CSX,DLX,DRI,ECL,EBAY,EBAY,EMR,ETR,EXC,FLR,GILD,GHC,GIS,GE,GIS,GM,GOOGL,GT,GT,GRMN,HAS,HAL,HAL
212,CAT,CEG,CGP,CNP,CTB,DOV,DTE,ED,ECL,ECL,EOG,EXC,F,FMCC,GIS,GILD,GL,GHC,GL,GME,GPC,GWW,GWW,GS,HBAN,HAS,HAS
213,CBE,CGP,CI,COP,CVS,DPHIQ,DUK,EFX,ED,ED,EOP,F,FCX,FNMA,GL,GIS,GLW,GILD,GLW,GNW,GPS,HAL,HAL,GT,HBI,HBAN,HBAN
214,CCK,CI,CIN,COST,CVX,DRI,DVN,EHC,EFX,EFX,EP,FCX,FDO,FTRCQ,GLW,GL,GME,GIS,GME,GOOGL,GRMN,HAR,HAR,GWW,HCA,HBI,HBI
215,CCTYQ,CIN,CL,CPB,D,DTE,DYNIQ,EIX,EHC,EIX,EQR,FDO,FDX,GD,GME,GLW,GNW,GL,GNW,GPC,GS,HAS,HAS,HAL,HD,HCA,HCA
216,CEG,CL,CLX,CPPRQ,DALRQ,DUK,ECL,EKDKQ,EIX,EKDKQ,ESRX,FDX,FE,GE,GNW,GME,GOOGL,GLW,GOOGL,GPS,GT,HBAN,HBAN,HAS,HES,HD,HD
217,CGP,CLX,CMA,CR,DCNAQ,ECL,ED,EMC,EKDKQ,EMC,ETFC,FE,FHI,GENZ,GOOGL,GNW,GPC,GME,GPC,GRMN,GWW,HBI,HBI,HBAN,HFC,HES,HES
218,CI,CMA,CMCSK,CSC,DDS,ED,EFX,EMN,EMC,EMN,ETN,FHI,FHN,GGP,GPC,GOOGL,GPS,GNW,GPS,GS,HAL,HCA,HCA,HBI,HIG,HFC,HFC
219,CIN,CMCSK,CMI,CSCO,DE,EFX,EHC,EMR,EMN,EMR,ETR,FHN,FIS,GHC,GPS,GPC,GR,GOOGL,GRMN,GT,HAR,HD,HD,HCA,HII,HIG,HIG
220,CINL,CMI,CNP,CSX,DHR,EHC,EIX,EOG,EMR,EOG,EXC,FISV,FISV,GILD,GR,GPS,GS,GPC,GS,GWW,HAS,HES,HES,HD,HLT,HII,HII
221,CKL,CNP,COP,CTB,DIS,EIX,EKDKQ,EOP,EOG,EOP,F,FITB,FITB,GIS,GS,GR,GT,GPS,GT,HAL,HBAN,HIG,HIG,HES,HOG,HLT,HLT
222,CL,CNW,COST,CVS,DJ,EKDKQ,EMC,EP,EOP,EP,FCX,FLR,FLR,GL,GT,GS,GWW,GR,GWW,HAR,HCBK,HOG,HOG,HIG,HOLX,HOG,HOLX
223,CLX,COP,CPB,CVX,DLX,EMC,EMN,EQR,EP,EQR,FDO,FMCC,FMCC,GLW,GWW,GT,HAL,GS,HAL,HAS,HD,HON,HOLX,HLT,HON,HOLX,HON
224,CMCSK,COST,CPPRQ,D,DOV,EMN,EMR,ETN,EQR,ESRX,FDX,FNMA,FNMA,GME,HAL,GWW,HAR,GT,HAR,HBAN,HES,HOT,HON,HOG,HP,HON,HPE
225,CMI,CPB,CR,DALRQ,DRI,EMR,ENRNQ,ETR,ETN,ETN,FE,FSH,FTRCQ,GNW,HAR,HAL,HAS,GWW,HAS,HCBK,HIG,HP,HP,HOLX,HPE,HP,HPQ
226,CNP,CPPRQ,CSC,DCNAQ,DTE,ENRNQ,EOG,EXC,ETR,ETR,FHI,FSL/B,GD,GOOGL,HAS,HAR,HBAN,HAL,HBAN,HD,HOG,HPE,HPE,HON,HPQ,HPE,HRL
227,CNW,CR,CSCO,DDS,DUK,EP,EP,F,EXC,EXC,FHN,FTRCQ,GE,GPC,HBAN,HAS,HCBK,HAR,HCBK,HES,HON,HPQ,HPQ,HP,HRB,HPQ,HSIC
228,COST,CSC,CSX,DE,ECL,ETN,ETN,FBF,F,F,FISV,GD,GENZ,GPS,HCBK,HBAN,HD,HAS,HD,HIG,HOT,HRB,HRB,HPE,HRL,HRB,HST
229,CPB,CSCO,CTB,DEC,ED,ETR,ETR,FCX,FBF,FBF,FITB,GDT,GILD,GR,HD,HCBK,HES,HBAN,HES,HOG,HP,HRL,HRL,HPQ,HSIC,HRL,HSY
230,CPPRQ,CSX,CVS,DIS,EFX,ETS,ETS,FDO,FCX,FCX,FLR,GDW,GIS,GS,HES,HD,HIG,HCBK,HIG,HON,HPQ,HSIC,HSIC,HRB,HST,HSIC,HUM
231,CR,CTB,CVX,DJ,EHC,EXC,EXC,FDX,FDO,FDO,FMCC,GE,GL,GT,HIG,HES,HNZ,HD,HNZ,HOT,HRB,HST,HST,HRL,HSY,HST,HWM
232,CSC,CVGYQ,D,DLX,EIX,F,F,FE,FDX,FDX,FNMA,GENZ,GLW,GWW,HNZ,HIG,HOG,HES,HOG,HP,HRL,HSY,HSY,HSIC,HUM,HSY,IBM
233,CSCO,CVS,DALRQ,DOV,EKDKQ,FBF,FBF,FISV,FE,FE,FSH,GILD,GNW,HAL,HOG,HNZ,HON,HIG,HON,HPQ,HSP,HUM,HUM,HST,HWM,HUM,ICE
234,CSX,CVX,DCNAQ,DRI,EMC,FCX,FCX,FITB,FHN,FHI,FSL/B,GIS,GOOGL,HAR,HON,HOG,HOT,HNZ,HOT,HRB,HST,IBM,HWM,HSY,IBM,HWM,IDXX
235,CTB,D,DDS,DTE,EMN,FDX,FDX,FLR,FISV,FHN,FTRCQ,GL,GPC,HAS,HOT,HON,HP,HOG,HP,HRL,HSY,ICE,IBM,HUM,ICE,IBM,IEX
236,CVGYQ,DALRQ,DE,DUK,EMR,FE,FE,FMC,FITB,FISV,GD,GLW,GPS,HBAN,HPQ,HOT,HPQ,HON,HPQ,HSP,HUM,IFF,ICE,HWM,IDXX,ICE,IFF
237,CVS,DCNAQ,DEC,ECL,ENRNQ,FITB,FITB,FMCC,FLR,FITB,GDT,GNW,GR,HCBK,HRB,HPQ,HRB,HOT,HRB,HST,IBM,ILMN,IFF,IBM,IFF,IDXX,ILMN
238,CVX,DDS,DIS,ECO,ETN,FJ,FLR,FNMA,FMCC,FLR,GDW,GPC,GS,HD,HSH,HRB,HRL,HP,HRL,HSY,ICE,INTC,ILMN,ICE,ILMN,IEX,INCY
239,D,DE,DJ,ED,ETR,FLTWQ,FMC,FTRCQ,FNMA,FMCC,GE,GPS,GT,HES,HSP,HRL,HSH,HPQ,HSP,HUM,IFF,INTU,INTC,IDXX,INCY,IFF,INFO
240,DALRQ,DEC,DLX,EFX,ETS,FMC,FMCC,GD,FTRCQ,FNMA,GENZ,GR,GWW,HET,HST,HSH,HSP,HRB,HST,IBM,INTC,IP,INTU,IFF,INFO,ILMN,INTC
241,DCNAQ,DIS,DOV,EHC,EXC,FMCC,FNMA,GDT,GD,FTRCQ,GILD,GS,HAL,HIG,HSY,HSP,HST,HRL,HSY,ICE,INTU,IPG,IP,ILMN,INTC,INCY,INTU
242,DDS,DJ,DRI,EIX,F,FNMA,GBLXQ,GDW,GDT,GD,GIS,GT,HAR,HNZ,HUM,HST,HSY,HSH,HUM,IFF,IP,IRM,IPG,INCY,INTU,INFO,IP
243,DE,DLX,DTE,EKDKQ,FBF,FPC,GD,GE,GDW,GDT,GL,GTW,HAS,HOG,IBM,HSY,HUM,HSP,IBM,INTC,IPG,ISRG,IRM,INFO,IP,INTC,IPG
244,DEC,DOV,DUK,EMC,FCX,FWLT,GDT,GENZ,GE,GDW,GLW,GWW,HBAN,HON,ICE,HUM,IBM,HST,ICE,INTU,IRM,ITW,ISRG,INTC,IPG,INTU,IPGP
245,DIS,DRI,ECL,EMN,FDX,GAPTQ,GDW,GIS,GENZ,GE,GPC,HAL,HD,HOT,IFF,IBM,ICE,HSY,IFF,IP,ISRG,IVZ,ITW,INTU,IPGP,IP,IQV
246,DJ,DTE,ECO,EMR,FE,GBLXQ,GE,GL,GIS,GENZ,GPS,HAS,HES,HPC,INTC,ICE,IFF,HUM,INTC,IPG,ITW,J,IVZ,IP,IQV,IPG,IR
247,DLX,DUK,ED,ENRNQ,FITB,GD,GIS,GLW,GL,GIS,GR,HBAN,HET,HPQ,INTU,IFF,INTC,IBM,INTU,IRM,IVZ,JBHT,J,IPG,IRM,IPGP,IRM
248,DOV,ECL,EIX,ETN,FJ,GDT,GL,GOLD,GLW,GL,GS,HD,HIG,HRB,IP,INTC,INTU,ICE,IP,ISRG,J,JCI,JBHT,IQV,ISRG,IQV,ISRG
249,DTE,ECO,EKDKQ,ETR,FL,GDW,GLW,GPC,GPC,GLW,GT,HES,HMA,HSH,IPG,INTU,IP,IFF,IPG,ITW,JCI,JEF,JCI,IRM,IT,IRM,IT
250,DUK,ED,EMC,ETS,FLTWQ,GE,GOLD,GPS,GPS,GPC,GTW,HET,HNZ,HSP,ISRG,IP,IPG,INTC,IRM,IVZ,JEF,JNJ,JEF,ISRG,ITW,ISRG,ITW
251,ECL,EIX,EMN,EXC,FMC,GIS,GPC,GR,GR,GPS,GWW,HIG,HOG,HST,ITT,IPG,IRM,INTU,ISRG,J,JNJ,JNPR,JNJ,IT,IVZ,IT,IVZ
252,ECO,EKDKQ,EMR,F,FMCC,GL,GPS,GT,GS,GR,HAL,HMA,HON,HSY,ITW,IRM,ISRG,IP,ITW,JBL,JNPR,JPM,JNPR,ITW,J,ITW,J
253,ED,EMN,ENRNQ,FBF,FNMA,GLW,GPUI,GTW,GT,GS,HAS,HNZ,HOT,HUM,IVZ,ISRG,ITT,IPG,IVZ,JCI,JOY,JWN,JPM,IVZ,JBHT,IVZ,JBHT
254,EIX,EMR,ETN,FCX,FTLAQ,GOLD,GR,GWW,GTW,GT,HBAN,HOG,HPC,IBM,J,ITT,ITW,IRM,J,JEF,JPM,K,JWN,J,JCI,J,JCI
255,EKDKQ,ENRNQ,ETR,FDX,FWLT,GPC,GT,HAL,GWW,GTW,HD,HON,HPQ,ICE,JAVA,ITW,IVZ,ISRG,JBL,JNJ,JWN,KDP,K,JBHT,JEF,JBHT,JKHY
256,EMN,ETN,ETS,FE,GAPTQ,GPS,GTW,HAS,HAL,GWW,HES,HOT,HRB,IFF,JBL,IVZ,J,ITW,JCI,JNPR,K,KEY,KDP,JCI,JKHY,JCI,JNJ
257,EMR,ETR,EXC,FITB,GD,GPUI,GWW,HBAN,HAS,HAL,HET,HPC,HSH,INTC,JCI,J,JBL,IVZ,JEF,JOY,KDP,KHC,KEY,JEF,JNJ,JKHY,JNPR
258,ENRNQ,ETS,F,FJ,GDT,GR,HAL,HD,HBAN,HAS,HIG,HPQ,HSP,INTU,JEF,JAVA,JCI,J,JNJ,JPM,KEY,KIM,KHC,JNJ,JNPR,JNJ,JPM
259,ETN,EXC,FBF,FL,GDW,GRA,HAS,HES,HD,HBAN,HMA,HRB,HSY,IP,JNJ,JBL,JEF,JBL,JNPR,JWN,KIM,KLAC,KIM,JNPR,JPM,JNPR,K
260,ETR,F,FCX,FLTWQ,GE,GT,HBAN,HET,HES,HD,HNZ,HSH,HUM,IPG,JNPR,JEF,JNJ,JCI,JOY,K,KLAC,KMB,KLAC,JPM,JWN,JPM,KEY
261,EXC,FBF,FDX,FMC,GIS,GTW,HD,HIG,HET,HES,HOG,HSP,IBM,ITT,JNS,JNJ,JNPR,JEF,JPM,KDP,KMB,KMI,KMB,JWN,K,JWN,KEYS
262,F,FBO,FITB,FMCC,GL,GWW,HES,HMA,HIG,HET,HON,HSY,IFF,ITW,JNY,JNPR,JNS,JNJ,JWN,KEY,KMI,KMX,KMI,K,KEY,K,KHC
263,FBF,FCX,FJ,FNMA,GLW,HAL,HET,HNZ,HMA,HIG,HOT,HUM,INTC,J,JPM,JNS,JPM,JNPR,K,KIM,KMX,KO,KMX,KDP,KEYS,KEY,KIM
264,FBO,FDX,FL,FTLAQ,GOLD,HAS,HIG,HOG,HNZ,HMA,HPC,IBM,INTU,JAVA,JWN,JPM,JWN,JOY,KDP,KLAC,KO,KR,KO,KEY,KHC,KEYS,KLAC
265,FDX,FFB,FLMIQ,FWLT,GPC,HBAN,HM,HON,HOG,HNZ,HPQ,IFF,IP,JBL,K,JWN,K,JPM,KEY,KMB,KR,KSS,KR,KHC,KIM,KHC,KMB
266,FFB,FJ,FLTWQ,GAPTQ,GPS,HD,HNZ,HOT,HON,HOG,HRB,INTC,IPG,JCI,KBH,K,KDP,JWN,KIM,KMI,KRFT,KSU,KSS,KIM,KLAC,KIM,KMI
267,FJ,FL,FMC,GD,GPUI,HES,HOG,HPC,HOT,HON,HSH,INTU,ITT,JEF,KDP,KDP,KEY,K,KLAC,KMX,KSS,L,KSU,KLAC,KMB,KLAC,KMX
268,FL,FLMIQ,FMCC,GDT,GR,HET,HON,HPQ,HPC,HOT,HSP,IP,ITW,JNJ,KEY,KEY,KIM,KDP,KMB,KO,KSU,LEG,L,KMB,KMI,KMB,KO
269,FLMIQ,FLTWQ,FNMA,GDW,GRA,HIG,HOT,HRB,HPQ,HPC,HSY,IPG,JAVA,JNPR,KG,KG,KLAC,KEY,KMI,KR,L,LEN,LEG,KMI,KMX,KMI,KR
270,FLTWQ,FMC,FTLAQ,GE,GT,HM,HPC,HSH,HRB,HPQ,HUM,ITT,JBL,JNS,KIM,KIM,KMB,KIM,KMX,KRFT,LEG,LH,LEN,KMX,KO,KMX,KSU
271,FMC,FMCC,FWLT,GFS/A,GTW,HNZ,HPQ,HSY,HSH,HRB,IBM,ITW,JCI,JNY,KLAC,KLAC,KMX,KLAC,KO,KSS,LEN,LHX,LH,KO,KR,KO,L
272,FMCC,FNMA,GAPTQ,GIS,GWW,HON,HRB,HUM,HSY,HSH,IFF,JAVA,JNJ,JPM,KMB,KMB,KO,KMB,KR,KSU,LH,LLL,LHX,KR,KSS,KR,LDOS
273,FNMA,FTLAQ,GD,GL,HAL,HPC,HSH,IBM,HUM,HSY,INTC,JBL,JNPR,JWN,KO,KO,KR,KMX,KRFT,L,LHX,LLTC,LKQ,KSS,KSU,KSS,LEG
274,FWLT,FWLT,GDT,GLW,HAS,HPQ,HSY,IFF,IBM,HUM,INTU,JCI,JNS,K,KR,KR,KSS,KO,KSS,LEG,LLL,LLY,LLL,KSU,L,KSU,LEN
275,GAPTQ,GAPTQ,GDW,GOLD,HBAN,HRB,HUM,IMNX,IFF,IBM,IP,JNJ,JNY,KATE,KSS,KSS,L,KR,L,LEN,LLTC,LM,LLTC,L,LEG,L,LH
276,GD,GD,GE,GPC,HD,HSH,IBM,INCLF,INTC,IFF,IPG,JNS,JPM,KBH,L,L,LDOS,KSS,LDOS,LH,LLY,LMT,LLY,LEG,LEN,LDOS,LHX
277,GDW,GDW,GFS/A,GPS,HES,HSY,IFF,INTC,INTU,INTC,ITT,JNY,JWN,KEY,LEG,LDOS,LEG,L,LEG,LHX,LM,LNC,LMT,LEN,LH,LEG,LIN
278,GE,GE,GIDL,GPUI,HET,HUM,INCLF,INTU,IP,INTU,ITW,JPM,K,KG,LEN,LEG,LEN,LDOS,LEN,LLL,LMT,LOW,LNC,LH,LHX,LEN,LKQ
279,GFS/A,GFS/A,GIS,GR,HIG,IBM,INTC,IP,IPG,IP,JAVA,JWN,KATE,KIM,LH,LEN,LH,LEG,LH,LLTC,LNC,LRCX,LNT,LHX,LIN,LH,LLY
280,GIDL,GIDL,GL,GT,HM,IFF,INTU,IPG,ITT,IPG,JBL,K,KBH,KLAC,LHX,LH,LHX,LEN,LHX,LLY,LO,LUMN,LOW,LKQ,LKQ,LHX,LMT
281,GIS,GIS,GLW,GWW,HNZ,IKN,IP,ITT,ITW,ITT,JCI,KATE,KEY,KMB,LLL,LHX,LLL,LH,LLL,LM,LOW,LUV,LRCX,LLL,LLL,LIN,LNC
282,GL,GL,GOLD,HAL,HON,INCLF,IPG,ITW,JAVA,ITW,JNJ,KBH,KG,KO,LLTC,LLL,LLTC,LHX,LLTC,LMT,LRCX,LVLT,LUMN,LLY,LLY,LKQ,LNT
283,GLW,GLW,GPC,HAS,HP,INTC,ITT,JAVA,JBL,JAVA,JNS,KEY,KIM,KR,LLY,LLTC,LLY,LLL,LLY,LNC,LUMN,LYB,LUV,LMT,LMT,LLY,LOW
284,GOLD,GOLD,GPS,HBAN,HPC,IP,ITW,JBL,JCI,JBL,JNY,KG,KLAC,KSS,LM,LLY,LM,LLTC,LM,LO,LUV,M,LVLT,LNC,LNC,LMT,LRCX
285,GOSHA,GPC,GPUI,HD,HPQ,IPG,JAVA,JCI,JHF,JCI,JPM,KLAC,KMB,L,LMT,LM,LMT,LLY,LMT,LOW,LVLT,MA,LYB,LNT,LNT,LNC,LUMN
286,GPC,GPS,GR,HES,HRB,ITT,JCI,JHF,JNJ,JHF,JWN,KMB,KO,LEG,LNC,LMT,LNC,LM,LNC,LRCX,LYB,MAC,M,LOW,LOW,LNT,LUV
287,GPS,GPUI,GT,HET,HRZIQ,ITW,JNJ,JNJ,JNS,JNJ,K,KO,KR,LEHMQ,LO,LNC,LO,LMT,LO,LUMN,M,MAR,MA,LRCX,LRCX,LOW,LVS
288,GR,GR,GWW,HIG,HSH,JAVA,JNS,JNS,JNY,JNS,KATE,KR,KSE,LEN,LOW,LO,LOW,LNC,LOW,LUV,MA,MAS,MAA,LUMN,LUMN,LRCX,LW
289,GT,GT,HAL,HM,HSY,JCI,JPM,JNY,JPM,JNY,KBH,KRB,KSS,LH,LUMN,LOW,LUMN,LO,LRCX,LYB,MAC,MAT,MAC,LUV,LUV,LUMN,LYB
290,GWW,GWW,HAS,HNZ,HUM,JNJ,JWN,JPM,JWN,JPM,KEY,KRI,L,LLL,LUV,LUMN,LUV,LOW,LUMN,M,MAR,MCD,MAR,LYB,LW,LUV,LYV
291,HAL,HAL,HD,HON,IBM,JOSEA,K,JWN,K,JWN,KG,KSE,LEG,LLTC,LXK,LUV,LXK,LUMN,LUV,MA,MAS,MCHP,MAS,M,LYB,LVS,MA
292,HAS,HAS,HES,HP,IFF,JPM,KATE,K,KATE,K,KLAC,KSS,LEHMQ,LLY,M,LXK,M,LUV,LYB,MAC,MAT,MCK,MAT,MA,M,LW,MAA
293,HD,HD,HET,HPC,IKN,JWN,KBH,KATE,KBH,KATE,KMB,L,LEN,LM,MA,M,MA,LXK,M,MAR,MCD,MCO,MCD,MAA,MA,LYB,MAR
294,HDLM,HDLM,HFS,HPQ,INCLF,K,KEY,KBH,KEY,KBH,KO,LEG,LH,LMT,MAR,MA,MAR,M,MA,MAS,MCHP,MDLZ,MCHP,MAC,MAA,LYV,MAS
295,HES,HES,HIG,HRB,INTC,KATE,KG,KEY,KG,KEY,KR,LEHMQ,LLL,LNC,MAS,MAR,MAS,MA,MAR,MAT,MCK,MDT,MCK,MAR,MAC,M,MCD
296,HET,HET,HM,HRZIQ,IP,KBH,KLAC,KG,KLAC,KG,KRB,LEN,LLTC,LOW,MAT,MAS,MAT,MAR,MAS,MCD,MCO,MET,MCO,MAS,MAR,MA,MCHP
297,HM,HIG,HNZ,HSH,IPG,KEY,KMB,KLAC,KMB,KLAC,KRI,LH,LLY,LUMN,MBI,MAT,MCD,MAS,MAT,MCHP,MDLZ,MHK,MDLZ,MAT,MAS,MAA,MCK
298,HNZ,HM,HON,HSY,ITT,KLAC,KMRTQ,KMB,KO,KMB,KSE,LLL,LM,LUV,MCD,MCD,MCHP,MAT,MCD,MCK,MDT,MJN,MDT,MCD,MAT,MAR,MCO
299,HON,HNZ,HP,HUM,ITW,KMB,KO,KMRTQ,KR,KO,KSS,LLTC,LMT,LXK,MCHP,MCHP,MCK,MCD,MCHP,MCO,MET,MKC,MET,MCHP,MCD,MAS,MDLZ
300,HP,HON,HPC,IBM,JAVA,KMRTQ,KR,KO,KRB,KR,L,LLY,LNC,M,MCK,MCK,MCO,MCHP,MCK,MDLZ,MHK,MLM,MHK,MCK,MCHP,MCD,MDT
301,HPC,HP,HPQ,IFF,JCI,KO,KRB,KR,KRI,KRB,LEG,LMT,LOW,MAR,MCO,MCO,MDLZ,MCK,MCO,MDT,MJN,MMC,MJN,MCO,MCK,MCHP,MET
302,HPQ,HPC,HRB,IKN,JNJ,KR,KRI,KRB,KSE,KRI,LEHMQ,LNC,LUMN,MAS,MDLZ,MDLZ,MDP,MCO,MDLZ,MET,MKC,MMM,MKC,MDLZ,MCO,MCK,MGM
303,HRB,HPQ,HRZIQ,INCLF,JOSEA,KRB,KSE,KRI,KSS,KSE,LH,LOW,LUV,MAT,MDP,MDP,MDT,MDLZ,MDT,MHK,MLM,MNKKQ,MLM,MDT,MDLZ,MCO,MHK
304,HRZIQ,HRB,HSH,INTC,JPM,KRI,KSS,KSE,L,KSS,LLL,LPX,LXK,MBI,MDT,MDT,MEE,MDT,MET,MJN,MMC,MNST,MMC,MET,MDT,MDLZ,MKC
305,HSH,HRZIQ,HSY,IP,JWN,KSS,L,KSS,LEG,L,LLTC,LUMN,M,MCD,MEE,MEE,MET,MET,MJN,MKC,MMM,MO,MMM,MGM,MET,MDT,MKTX
306,HSY,HSH,HUM,IPG,K,KSU,LDG,L,LEHMQ,LEG,LLY,LUV,MAR,MCHP,MER,MET,MFE,MHS,MKC,MMC,MNKKQ,MOS,MNKKQ,MHK,MGM,MET,MLM
307,HTMXQ,HSY,IBM,ITT,KATE,L,LEG,LEG,LLTC,LEHMQ,LMT,LXK,MAS,MCK,MET,MFE,MHS,MJN,MMC,MMM,MO,MPC,MNST,MKC,MHK,MGM,MMC
308,IBM,HUM,IFF,ITW,KBH,LDG,LEHMQ,LEHMQ,LLY,LLTC,LNC,M,MAT,MCO,MFE,MHS,MI,MKC,MMM,MO,MOS,MRK,MO,MLM,MKC,MHK,MMM
309,IFF,IBM,IKN,JAVA,KEY,LEG,LLTC,LLTC,LMT,LLY,LOW,MAR,MBI,MDLZ,MHS,MI,MJN,MMC,MO,MOS,MPC,MRO,MOS,MMC,MLM,MKC,MNST
310,IKN,IFF,INCLF,JCI,KLAC,LEHMQ,LLY,LLY,LNC,LMT,LPX,MAS,MCD,MDP,MI,MJN,MKC,MMM,MOLX,MPC,MRK,MS,MPC,MMM,MMC,MKTX,MO
311,INCLF,IKN,INTC,JH,KMB,LLY,LMT,LMT,LOW,LNC,LUMN,MAT,MCK,MDT,MKC,MKC,MMC,MO,MOS,MRK,MRO,MSFT,MRK,MNST,MMM,MLM,MOS
312,INTC,INCLF,IP,JNJ,KMRTQ,LMT,LNC,LNC,LPX,LOW,LUV,MBI,MCO,MER,MMC,MMC,MMM,MOLX,MPC,MRO,MS,MSI,MRO,MO,MNST,MMC,MPC
313,IP,INTC,IPG,JOSEA,KO,LNC,LOW,LOW,LUMN,LPX,LXK,MCD,MDP,MET,MMM,MMM,MO,MOS,MRK,MS,MSFT,MTB,MS,MOS,MO,MMM,MRK
314,IPG,IP,ITT,JPM,KR,LOW,LPX,LPX,LUV,LUMN,M,MCK,MDT,MHS,MO,MO,MOLX,MPC,MRO,MSFT,MSI,MU,MSFT,MPC,MOS,MNST,MRO
315,ITT,IPG,ITW,JWN,KRB,LPX,LUMN,LUMN,LXK,LUV,MAR,MCO,MEDI,MI,MOLX,MOLX,MRK,MRK,MS,MSI,MTB,MUR,MSI,MRK,MPC,MO,MS
316,ITW,ITT,JAVA,K,KRI,LUMN,LUV,LUV,M,LXK,MAS,MDP,MEL,MKC,MRK,MRK,MRO,MRO,MSFT,MTB,MU,MYL,MTB,MRO,MRK,MOS,MSCI
317,JAVA,ITW,JCI,KATE,KSS,LUV,LXK,LXK,MAR,M,MAT,MDT,MER,MMC,MRO,MRO,MS,MS,MSI,MU,MUR,NAVI,MTD,MS,MRO,MPC,MSFT
318,JCI,JAVA,JH,KBH,L,LXK,M,M,MAS,MAR,MBI,MEDI,MET,MMM,MS,MS,MSFT,MSFT,MTB,MUR,MWV,NBL,MU,MSFT,MS,MRK,MSI
319,JH,JCI,JNJ,KEY,LDG,M,MAR,MAR,MAT,MAS,MCD,MEL,MHS,MO,MSFT,MSFT,MSI,MSI,MU,MWV,MYL,NDAQ,MUR,MSI,MSCI,MRO,MTB
320,JNJ,JH,JOSEA,KLAC,LDWIF,MAR,MAS,MAS,MBI,MAT,MCK,MER,MI,MOLX,MSI,MSI,MTB,MTB,MUR,MYL,NAVI,NEE,MYL,MTB,MSFT,MS,MTD
321,JOSEA,JNJ,JPM,KMB,LEHMQ,MAS,MAT,MAT,MCD,MBI,MCO,MERQ,MKC,MRK,MTB,MTB,MU,MU,MWV,NBL,NBL,NEM,NAVI,MTD,MSI,MSCI,MU
322,JPM,JOSEA,JWN,KMRTQ,LHX,MAT,MBI,MBI,MCK,MCD,MDP,MET,MMC,MRO,MTLQQ,MU,MUR,MUR,MYL,NBR,NBR,NFLX,NBL,MU,MTB,MSFT,MXIM
323,JWN,JPM,K,KO,LLY,MBI,MCD,MCD,MCO,MCK,MDT,MHS,MMM,MS,MTW,MUR,MWV,MWV,NBL,NDAQ,NDAQ,NFX,NDAQ,MYL,MTD,MSI,NCLH
324,K,JWN,KATE,KR,LMT,MCD,MCK,MCK,MDP,MCO,MEDI,MI,MO,MSFT,MU,MWV,MWW,MYL,NBR,NEBLQ,NEBLQ,NI,NEE,NAVI,MU,MTB,NDAQ
325,KATE,K,KBH,KRB,LNC,MCK,MCO,MCO,MDRIQ,MDP,MEL,MKC,MOLX,MSI,MUR,MWW,MYL,NBL,NDAQ,NEE,NEE,NKE,NEM,NBL,MXIM,MTD,NEE
326,KBH,KATE,KEY,KRI,LOW,MCO,MDP,MDP,MDT,MDT,MER,MMC,MRK,MTB,MWV,MYL,NBL,NBR,NEBLQ,NEM,NEM,NLOK,NFLX,NCLH,MYL,MU,NEM
327,KEY,KBH,KMB,L,LPX,MDP,MDRIQ,MDRIQ,MEDI,MEDI,MERQ,MMM,MRO,MTG,MWW,NBL,NBR,NDAQ,NEE,NFLX,NFLX,NLSN,NFX,NDAQ,NBL,MXIM,NFLX
328,KMB,KEY,KMRTQ,LDG,LUV,MDRIQ,MDT,MDT,MEL,MEL,MET,MO,MS,MTLQQ,MYL,NBR,NDAQ,NEBLQ,NEM,NFX,NFX,NOC,NI,NEE,NCLH,MYL,NI
329,KMRTQ,KMB,KO,LDWIF,M,MDT,MEDI,MEDI,MER,MER,MHS,MOLX,MSFT,MTW,NBL,NDAQ,NEE,NEE,NFLX,NI,NI,NOV,NKE,NEM,NDAQ,NBL,NKE
330,KO,KMRTQ,KR,LHX,MAR,MEE,MEL,MEL,MERQ,MERQ,MI,MRK,MSI,MU,NBR,NEE,NEM,NEM,NFX,NKE,NKE,NRG,NLOK,NFLX,NEE,NCLH,NLOK
331,KR,KO,KRB,LLY,MAS,MEL,MER,MER,MET,MET,MKC,MRO,MTB,MUR,NCC,NEM,NFLX,NFLX,NI,NLOK,NLOK,NSC,NLSN,NFX,NEM,NDAQ,NLSN
332,KRB,KR,KRI,LMT,MAT,MER,MERQ,MERQ,MI,MHS,MMC,MS,MTG,MWV,NDAQ,NI,NFX,NFX,NKE,NOC,NOC,NTAP,NOC,NI,NFLX,NEE,NOC
333,KRI,KRB,L,LNC,MBI,MKG,MET,MET,MIRKQ,MI,MMM,MSFT,MTLQQ,MWW,NEBLQ,NKE,NI,NI,NLOK,NOV,NOV,NTRS,NOV,NKE,NFX,NEM,NOV
334,LDG,KRI,LDG,LOW,MCD,MMC,MMC,MIRKQ,MMC,MKC,MO,MSI,MU,MYL,NEE,NLOK,NKE,NKE,NOC,NRG,NRG,NUE,NRG,NLOK,NI,NFLX,NOW
335,LHX,L,LDWIF,LPX,MCO,MMM,MMM,MMC,MMM,MMC,MOLX,MTB,MUR,NBL,NEM,NOC,NLOK,NLOK,NOV,NSC,NSC,NVDA,NSC,NLSN,NKE,NI,NRG
336,LLX,LDG,LHX,LUV,MDP,MO,MO,MMM,MO,MMM,MRK,MTG,MWV,NBR,NI,NOV,NOC,NOC,NRG,NTAP,NTAP,NWL,NTAP,NOC,NKTR,NKE,NSC
337,LLY,LDWIF,LLX,M,MDRIQ,MOLX,MOLX,MO,MOLX,MO,MRO,MTLQQ,MWW,NCC,NKE,NOVL,NOV,NOV,NSC,NTRS,NTRS,NWS,NTRS,NOV,NLOK,NLOK,NTAP
338,LNC,LHX,LLY,MAS,MDT,MRK,MRK,MOLX,MRK,MOLX,MS,MU,MXIM,NEBLQ,NLOK,NSC,NOVL,NRG,NTAP,NUE,NUE,NWSA,NUE,NRG,NLSN,NLSN,NTRS
339,LOW,LLX,LMT,MAT,MEE,MRO,MRO,MRK,MRO,MRK,MSFT,MUR,MYL,NEE,NOC,NTAP,NRG,NSC,NTRS,NVDA,NVDA,O,NVDA,NSC,NOC,NOC,NUE
340,LPX,LLY,LNC,MBI,MEL,MS,MS,MRO,MS,MRO,MSI,MWV,NBR,NEM,NOV,NTRS,NSC,NTAP,NUE,NWL,NWL,OI,NWL,NTAP,NOV,NOV,NVDA
341,LUB,LMT,LOW,MCD,MER,MSFT,MSFT,MS,MSFT,MS,MTB,MWW,NCC,NI,NOVL,NUE,NTAP,NTRS,NVDA,NWSA,NWSA,OKE,NWS,NTRS,NRG,NOW,NVR
342,LUV,LNC,LPX,MDP,MKG,MSI,MSI,MSFT,MSI,MSFT,MTG,MXIM,NCR,NKE,NSC,NVDA,NTRS,NUE,NWL,OI,OI,OMC,NWSA,NUE,NSC,NRG,NWL
343,MAS,LOW,LUB,MDRIQ,MMC,MTG,MTG,MSI,MTG,MSI,MTLQQ,MYL,NEBLQ,NLOK,NTAP,NWL,NUE,NVDA,NYX,OKE,OKE,ORCL,O,NVDA,NTAP,NSC,NWS
344,MAT,LPX,LUV,MDT,MMM,MTLQQ,MTLQQ,MTG,MTLQQ,MTG,MU,NAV,NEE,NOC,NTRS,NYT,NVDA,NWL,OI,OMC,OMC,ORLY,OKE,NWL,NTRS,NTAP,NWSA
345,MCD,LUB,M,MEE,MO,MU,MU,MTLQQ,MU,MTLQQ,MWV,NBR,NEM,NOV,NUE,NYX,NWL,NYX,OKE,ORCL,ORCL,OXY,OMC,NWS,NUE,NTRS,O
346,MDP,LUV,MAS,MEL,MRK,MZIAQ,MXIM,MU,MWV,MU,MWW,NCC,NI,NOVL,NVDA,OI,NYX,OI,OMC,ORLY,ORLY,PAYX,ORCL,NWSA,NVDA,NUE,ODFL
347,MDRIQ,M,MAT,MER,MRO,NAV,NAV,MWW,MWW,MWV,MXIM,NCR,NKE,NSC,NWL,OMC,OI,OKE,ORCL,OXY,OXY,PBCT,ORLY,O,NWL,NVDA,OKE
348,MDT,MAS,MBI,MKG,MS,NC,NBR,MXIM,MXIM,MWW,MYL,NEBLQ,NLOK,NTAP,NYT,ORCL,OKE,OMC,ORLY,PAYX,PAYX,PBI,OXY,OKE,NWS,NVR,OMC
349,MEE,MAT,MCD,MMC,MSFT,NCC,NCC,NAV,NAV,MXIM,NAV,NEE,NOC,NTRS,NYX,ORLY,OMC,ORCL,OXY,PBCT,PBCT,PCAR,PAYX,OMC,NWSA,NWL,ORCL
350,MEL,MCD,MDP,MMM,MSI,NCE,NCR,NBR,NBR,NAV,NBR,NEM,NOV,NUE,OMC,OXY,ORCL,ORLY,PAYX,PBI,PBI,PCG,PBCT,ORCL,O,NWS,ORLY
351,MER,MDP,MDRIQ,MO,MTG,NEE,NEE,NCC,NCC,NBR,NCC,NFB,NOVL,NVDA,ORCL,PAYX,ORLY,OXY,PBCT,PCAR,PCAR,PCL,PBI,ORLY,OKE,NWSA,OTIS
352,MKG,MDRIQ,MDT,MRK,MTLQQ,NEM,NEM,NCR,NCR,NCC,NCR,NI,NSC,NWL,OXY,PBCT,OXY,PAYX,PBI,PCG,PCG,PCP,PCAR,OXY,OMC,O,OXY
353,MMC,MDT,MEE,MRO,MU,NGH,NI,NEBLQ,NEBLQ,NCR,NEBLQ,NKE,NTAP,NYT,PAYX,PBG,PAYX,PBCT,PCAR,PCL,PCL,PDCO,PCG,PAYX,ORCL,ODFL,PAYC
354,MMM,MEE,MEL,MS,MWI,NKE,NKE,NEE,NEE,NEBLQ,NEE,NLOK,NTRS,NYX,PBCT,PBI,PBCT,PBI,PCG,PCP,PCP,PEAK,PDCO,PBCT,ORLY,OKE,PAYX
355,MO,MEL,MER,MSFT,MZIAQ,NMK,NMK,NEM,NEM,NEE,NEM,NOC,NUE,OMC,PBG,PCAR,PBI,PCAR,PCL,PDCO,PDCO,PEG,PEAK,PCAR,OXY,OMC,PBCT
356,MRK,MER,MKG,MSI,NAV,NOC,NOC,NI,NFB,NEM,NFB,NOV,NVDA,OMX,PBI,PCG,PCAR,PCG,PCP,PEAK,PEAK,PEP,PEG,PCG,PAYX,ORCL,PCAR
357,MRNKQ,MKG,MMC,MTG,NC,NOVL,NOVL,NKE,NI,NFB,NI,NOVL,NWL,ORCL,PCAR,PCL,PCG,PCL,PDCO,PEG,PEG,PFE,PEP,PDCO,PBCT,ORLY,PEAK
358,MRO,MMC,MMM,MTLQQ,NCC,NRTLQ,NRTLQ,NMK,NKE,NI,NKE,NSC,NYT,OXY,PCG,PCP,PCL,PCP,PEAK,PEP,PEP,PFG,PFE,PEAK,PCAR,OXY,PEG
359,MS,MMM,MO,MU,NCE,NSC,NSC,NOC,NOC,NKE,NLOK,NTAP,OMC,PAYX,PCL,PDCO,PCP,PDCO,PEG,PETM,PETM,PG,PFG,PEG,PCG,PAYX,PEP
360,MSFT,MO,MRK,MWI,NEE,NTAP,NTAP,NOVL,NOVL,NLOK,NOC,NTRS,OMX,PBG,PCP,PEAK,PDCO,PEAK,PEP,PFE,PFE,PGR,PG,PEP,PEAK,PBCT,PFE
361,MSI,MRK,MRO,MZIAQ,NEM,NTRS,NTRS,NRTLQ,NSC,NOC,NOVL,NUE,ORCL,PBI,PDCO,PEG,PEAK,PEG,PETM,PFG,PFG,PH,PGR,PFE,PEG,PCAR,PFG
362,MTLQQ,MRO,MS,NAV,NGH,NUE,NUE,NSC,NTAP,NOVL,NSC,NVDA,OXY,PCAR,PEAK,PEP,PEG,PEP,PFE,PG,PG,PHM,PH,PFG,PEP,PEAK,PG
363,MU,MS,MSFT,NC,NKE,NWL,NWL,NTAP,NTRS,NSC,NTAP,NWL,PAYX,PCG,PEG,PFE,PEP,PFE,PFG,PGR,PGR,PKI,PHM,PG,PFE,PEG,PGR
364,MWI,MSFT,MSI,NCC,NMK,NXTL,NXTL,NTRS,NUE,NTAP,NTRS,NYT,PBG,PCL,PEP,PFG,PFE,PFG,PG,PH,PH,PLD,PKI,PGR,PFG,PEP,PH
365,MXS,MSI,MTG,NEE,NOC,NYT,NYT,NUE,NVDA,NTRS,NUE,OMC,PBI,PCP,PFE,PG,PFG,PG,PGR,PHM,PHM,PM,PLD,PH,PG,PFE,PHM
366,MZIAQ,MTLQQ,MTLQQ,NEM,NOVL,OAT,OAT,NVDA,NWL,NUE,NVDA,OMX,PCAR,PDCO,PFG,PGR,PG,PGR,PH,PKI,PKI,PNC,PM,PHM,PGR,PFG,PKG
367,NAE,MU,MU,NKE,NRTLQ,OI,OK,NWL,NXTL,NVDA,NWL,ORCL,PCG,PEG,PG,PH,PGR,PH,PHM,PLD,PLD,PNR,PNC,PKG,PH,PG,PKI
368,NAV,MWI,MWI,NMK,NSC,OK,OKE,NXTL,NYT,NWL,NXTL,OXY,PCL,PEP,PGR,PHM,PH,PHM,PKI,PM,PM,PNW,PNR,PKI,PHM,PGR,PLD
369,NC,MZIAQ,MZIAQ,NOC,NTRS,OKE,OMC,NYT,OMC,NXTL,NYT,PAYX,PDCO,PFE,PH,PKI,PHM,PKI,PLD,PNC,PNC,POM,PNW,PLD,PKG,PH,PM
370,NCC,NAE,NAE,NOVL,NUE,OMC,OMX,OMC,OMX,NYT,OMC,PBG,PEG,PFG,PHM,PM,PKI,PLD,PM,PNR,PNR,PPG,PPG,PM,PKI,PHM,PNC
371,NEC,NAV,NAV,NRTLQ,NWL,OMX,ORCL,OMX,ORCL,OMC,OMX,PBI,PEP,PG,PKI,PNC,PM,PM,PNC,PNW,PNW,PPL,PPL,PNC,PLD,PKG,PNR
372,NEE,NC,NC,NSC,NXTL,ORCL,OXY,ORCL,OXY,OMX,ORCL,PCAR,PFE,PGR,PM,PNW,PNC,PNC,PNR,POM,POM,PRGO,PRGO,PNR,PM,PKI,PNW
373,NEM,NCC,NCC,NUE,NYT,OWENQ,PALM,OXY,PAYX,ORCL,OXY,PCG,PFG,PH,PNC,POM,PNW,PNW,PNW,PPG,PPG,PRU,PRU,PNW,PNC,PLD,POOL
374,NKE,NEE,NEE,NWL,OAT,OXY,PAYX,PALM,PBG,OXY,PAYX,PCL,PG,PHM,PNW,PPG,POM,POM,POM,PPL,PPL,PSA,PSA,PPG,PNR,PM,PPG
375,NMK,NEM,NEM,NYT,OI,PAYX,PBI,PAYX,PBI,PAYX,PBG,PDCO,PGL,PKI,POM,PPL,PPG,PPG,PPG,PRGO,PRGO,PSX,PSX,PPL,PNW,PNC,PPL
376,NOC,NKE,NKE,OAT,OKE,PBI,PCAR,PBG,PCAR,PBG,PBI,PEG,PGR,PNC,PPG,PRU,PPL,PPL,PPL,PRU,PRU,PVH,PVH,PRGO,PPG,PNR,PRGO
377,NOVL,NMK,NMK,OI,OMC,PCAR,PCG,PBI,PCG,PBI,PCAR,PEP,PH,PNW,PPL,PSA,PRU,PRGO,PRGO,PSA,PSA,PWR,PWR,PRU,PPL,PNW,PRU
378,NRTLQ,NOC,NOC,OKE,OMX,PCG,PCH,PCAR,PCL,PCAR,PCG,PFE,PHM,POM,PRU,PTV,PSA,PRU,PRU,PSX,PSX,PX,PX,PSA,PRGO,PPG,PSA
379,NSC,NOVL,NOVL,OMC,ORCL,PCH,PDG,PCG,PEG,PCG,PCL,PFG,PKI,PPG,PSA,PWR,PWR,PSA,PSA,PVH,PVH,PXD,PXD,PSX,PRU,PPL,PSX
380,NUE,NRTLQ,NRTLQ,OMX,ORX,PDG,PEG,PDG,PEP,PCL,PEG,PG,PMCS,PPL,PTV,PX,PX,PWR,PSX,PWR,PWR,PYPL,PYPL,PVH,PSA,PRGO,PVH
381,NWL,NSC,NSC,ORCL,OWENQ,PEG,PEP,PEG,PFE,PEG,PEP,PGL,PNC,PRU,PX,PXD,PXD,PX,PWR,PX,PX,QCOM,QCOM,PWR,PSX,PRU,PWR
382,NYT,NUE,NUE,ORX,OXY,PEP,PFE,PEP,PFG,PEP,PFE,PGR,PNW,PSA,PXD,QCOM,QCOM,PXD,PX,PXD,PXD,QRVO,QRVO,PX,PVH,PSA,PXD
383,OAT,NWL,NWL,OWENQ,PAYX,PFE,PG,PFE,PG,PFE,PFG,PH,PPG,PTV,QCOM,QLGC,QEP,QCOM,PXD,QCOM,QCOM,R,R,PXD,PWR,PSX,PYPL
384,OKE,NYT,NYT,OXY,PBI,PG,PGL,PG,PGL,PFG,PG,PHM,PPL,PX,QLGC,R,QLGC,QEP,QCOM,QEP,QEP,RAI,RAI,PYPL,PXD,PVH,QCOM
385,OMX,OAT,OAT,PAS,PCAR,PGL,PGR,PGL,PGR,PG,PGL,PKI,PRU,QCOM,R,RAI,R,R,QEP,R,R,RCL,RCL,QCOM,PYPL,PWR,QRVO
386,ORCL,OKE,OKE,PBI,PCG,PGR,PH,PGR,PH,PGL,PGR,PMCS,PSA,QLGC,RAI,RDC,RAI,RAI,R,RAI,RAI,REGN,REGN,QRVO,QCOM,PXD,RCL
387,ORX,OMX,OMX,PCAR,PCH,PH,PHM,PH,PHM,PGR,PH,PNC,PTC,R,RDC,RF,RDC,RDC,RAI,RDC,RCL,RF,RF,RCL,QRVO,PYPL,RE
388,OWENQ,ORCL,ORCL,PCG,PDG,PHM,PKI,PHM,PKI,PH,PHM,PNW,PTV,RAI,RF,RHI,RF,RF,RDC,REGN,REGN,RHI,RHI,RE,RCL,QCOM,REG
389,OXY,ORX,ORX,PCH,PEG,PKI,PNC,PKI,PMCS,PHM,PKI,PPG,PX,RDC,RHI,RHT,RHI,RHI,RF,RF,RF,RHT,RHT,REG,RE,QRVO,REGN
390,PAS,OWENQ,OWENQ,PDG,PEP,PNC,PNW,PMCS,PNC,PKI,PMCS,PPL,QCOM,RF,RL,RL,RHT,RHT,RHI,RHI,RHI,RIG,RIG,REGN,REG,RCL,RF
391,PBI,OXY,OXY,PEG,PFE,PNW,PPG,PNC,PNW,PMCS,PNC,PRU,QLGC,RHI,ROH,ROK,RL,RL,RHT,RHT,RHT,RL,RL,RF,REGN,RE,RHI
392,PCAR,PAS,PAS,PEP,PG,PPG,PPL,PNW,PPG,PNC,PNW,PSA,R,RIG,ROK,ROP,ROK,ROK,RL,RIG,RIG,ROK,ROK,RHI,RF,REG,RJF
393,PCG,PBI,PBI,PET,PGL,PPL,PTC,PPG,PPL,PNW,PPG,PTC,RAI,RL,RRC,ROST,ROP,ROP,ROK,RL,RL,ROP,ROP,RHT,RHI,REGN,RL
394,PCH,PCAR,PCAR,PFE,PGR,PRDCQ,PTV,PPL,PRU,PPG,PPL,PTV,RDC,ROH,RRD,RRC,ROST,ROST,ROP,ROK,ROK,ROST,ROST,RJF,RHT,RF,RMD
395,PDG,PCG,PCG,PG,PH,PTC,PVN,PTC,PTC,PPL,PRU,PX,RF,ROK,RSG,RRD,RRC,RRC,ROST,ROP,ROP,RRC,RRC,RL,RJF,RHI,ROK
396,PEG,PCH,PCH,PGL,PHM,PTV,PWER,PTV,PTV,PRU,PTC,QCOM,RHI,RRC,RSHCQ,RSG,RRD,RRD,RRC,ROST,ROST,RSG,RSG,RMD,RL,RJF,ROL
397,PEP,PDG,PDG,PGR,PKI,PVN,PX,PVN,PVN,PTC,PTV,QLGC,RIG,RRD,RTN,RSHCQ,RSG,RSG,RSG,RRC,RRC,RTN,RTN,ROK,RMD,RL,ROP
398,PET,PEG,PEG,PH,PNC,PX,QCOM,PWER,PWER,PTV,PVN,R,ROH,RSHCQ,RTX,RTN,RSHCQ,RTN,RTN,RSG,RSG,RTX,RTX,ROP,ROK,RMD,ROST
399,PFE,PEP,PEP,PHM,PPG,QCOM,QLGC,PX,PX,PVN,PWER,RAI,ROK,RTN,RX,RTX,RTN,RTX,RTX,RTN,RTN,SBUX,SBUX,ROST,ROL,ROK,RSG
400,PG,PET,PET,PKI,PPL,QTRN,QTRN,QCOM,QCOM,PWER,PX,RBK,RRD,RTX,SBUX,RX,RTX,SBUX,SBUX,RTX,RTX,SCG,SCG,RRC,ROP,ROL,RTX
401,PGL,PFE,PFE,PNC,PPW,R,R,QLGC,QLGC,PX,QCOM,RDC,RSHCQ,RX,SCHW,SBUX,SBUX,SCG,SCG,SBUX,SBUX,SCHW,SCHW,RSG,ROST,ROP,SBAC
402,PH,PG,PG,PPG,PRDCQ,RAD,RAL,QTRN,QTRN,QCOM,QLGC,RF,RTN,SBUX,SEE,SCG,SCG,SCHW,SCHW,SCG,SCG,SEE,SEE,RTN,RSG,ROST,SBUX
403,PHM,PGL,PGL,PPL,PTC,RAL,RBK,R,R,QLGC,R,RHI,RTX,SCHW,SGP,SCHW,SCHW,SEE,SEE,SCHW,SCHW,SHW,SHW,RTX,RTN,RSG,SCHW
404,PKI,PH,PH,PPW,PVN,RBK,RDC,RBK,RAI,R,RAI,RIG,RX,SEE,SHLDQ,SEE,SEE,SHLDQ,SHW,SEE,SEE,SIG,SIG,SBAC,RTX,RTN,SEE
405,PNC,PHM,PHM,PRDCQ,PX,RDC,RDPL,RDC,RATL,RAI,RBK,ROH,SANM,SGP,SHW,SHLDQ,SHLDQ,SHW,SIAL,SHW,SHW,SJM,SJM,SBUX,SBAC,RTX,SHW
406,PPG,PKI,PKI,PTC,R,RDPL,RHI,RDPL,RBK,RBK,RDC,ROK,SBUX,SHLDQ,SIAL,SHW,SHW,SIAL,SJM,SIAL,SIAL,SLB,SLB,SCG,SBUX,SBAC,SIVB
407,PPW,PNC,PNC,PVN,RAD,RIG,RIG,RHI,RDC,RDC,RF,RRD,SCHW,SHW,SITC,SIAL,SIAL,SJM,SLB,SJM,SJM,SLG,SLG,SCHW,SCG,SBUX,SJM
408,PRDCQ,PPG,PPG,PX,RAL,RML,ROH,RIG,RHI,RHI,RHI,RSHCQ,SEE,SIAL,SJM,SJM,SJM,SLB,SLM,SLB,SLB,SNA,SNA,SEE,SCHW,SCHW,SLB
409,PX,PPL,PPL,R,RBD,RNB,ROK,ROH,RIG,RIG,RIG,RTN,SGP,SITC,SLB,SLB,SLB,SLM,SNA,SLM,SNA,SNDK,SNI,SHW,SEE,SEE,SLG
410,R,PPW,PPW,RAD,RBK,ROH,RRD,ROK,ROH,ROH,ROH,RTX,SHLDQ,SLB,SLM,SLM,SLM,SNA,SNDK,SNA,SNDK,SNI,SO,SIG,SHW,SHW,SNA
411,RAD,PRDCQ,PRDCQ,RAL,RDC,ROK,RSHCQ,RRD,ROK,ROK,ROK,RX,SHW,SLM,SNA,SNA,SNA,SNDK,SNI,SNDK,SNI,SO,SPG,SJM,SIVB,SIVB,SNPS
412,RAL,PX,PX,RBD,RDPL,RRD,RTN,RSHCQ,RRD,RRD,RRD,SANM,SIAL,SNA,SNDK,SNDK,SNDK,SNI,SO,SNI,SO,SPG,SPGI,SLB,SJM,SJM,SO
413,RBD,R,R,RBK,RML,RSHCQ,RTX,RTN,RSHCQ,RSHCQ,RSHCQ,SBUX,SLB,SNDK,SNI,SNI,SNI,SO,SPG,SO,SPG,SPGI,SPLS,SLG,SLB,SLB,SPG
414,RBK,RAD,RAD,RDC,RNB,RTN,RX,RTX,RTN,RTN,RTN,SCHW,SLM,SNV,SO,SO,SO,SPG,SPGI,SPG,SPGI,SPLS,SRCL,SNA,SLG,SLG,SPGI
415,RDC,RAL,RAL,RDPL,ROH,RTX,SANM,RX,RTX,RTX,RTX,SEBL,SNA,SO,SOV,SPG,SPG,SPGI,SPLS,SPGI,SPLS,SRCL,SRE,SNI,SNA,SNA,SRE
416,RDPL,RBD,RBD,RHDCQ,ROK,RX,SAPE,SANM,RX,RX,RX,SEE,SNDK,SOV,SPG,SPGI,SPGI,SPLS,SRCL,SPLS,SRCL,SRE,STI,SNPS,SNPS,SNPS,STE
417,RHDCQ,RBK,RBK,RML,RRD,SCHW,SBUX,SAPE,SANM,SANM,SANM,SGP,SNV,SPG,SPGI,SPLS,SPLS,SRCL,SRE,SRCL,SRE,STI,STJ,SO,SO,SO,STT
418,RML,RDC,RDC,RNB,RSHCQ,SCI,SCHW,SBUX,SBUX,SBUX,SBUX,SHLDQ,SO,SPGI,SPLS,SRCL,SRCL,SRE,STI,SRE,STI,STJ,STT,SPG,SPG,SPG,STX
419,ROH,RDPL,RDPL,ROH,RTN,SEE,SEBL,SCHW,SCHW,SCHW,SCHW,SHW,SOV,SPLS,SRCL,SRE,SRE,STI,STJ,STI,STJ,STT,STX,SPGI,SPGI,SPGI,STZ
420,RRD,RHDCQ,RHDCQ,ROK,RTX,SGID,SEE,SEBL,SEBL,SEBL,SEBL,SIAL,SPG,SRE,SRE,STI,STI,STJ,STT,STJ,STT,STX,STZ,SRCL,SRE,SRE,SWK
421,RSHCQ,RML,RML,RRD,RX,SGP,SGP,SEE,SEE,SEE,SEE,SLB,SPGI,SSP,STI,STJ,STJ,STT,STX,STT,STX,STZ,SWK,SRE,STI,STE,SWKS
422,RTN,RNB,RNB,RSHCQ,RYC,SHW,SHW,SGP,SGP,SGP,SGP,SLM,SPLS,STI,STJ,STR,STT,STZ,STZ,STX,STZ,SWK,SWKS,STI,STT,STT,SYF
423,RTX,ROH,ROH,RTN,SCHW,SIAL,SIAL,SHW,SHW,SHW,SHW,SNA,SRE,STJ,STR,STT,STZ,SVU,SWK,STZ,SWK,SWKS,SWN,STT,STX,STX,SYK
424,RYC,RRD,ROK,RTX,SCI,SLB,SLB,SIAL,SIAL,SIAL,SIAL,SNV,SSP,STR,STT,STZ,SUNEQ,SWK,SWN,SWK,SWN,SWN,SYF,STX,STZ,STZ,SYY
425,SCI,RSHCQ,RRD,RYC,SEE,SLM,SLM,SLB,SLB,SLB,SLB,SO,STI,STT,STZ,SUNEQ,SVU,SWN,SWY,SWN,SWY,SYF,SYK,STZ,SWK,SWK,T
426,SGP,RTN,RSHCQ,SCHW,SGID,SNA,SNA,SLM,SLM,SLM,SLM,SOV,STJ,STZ,SUNEQ,SVU,SWK,SWY,SYK,SWY,SYK,SYK,SYY,SWK,SWKS,SWKS,TAP
427,SHOY,RTX,RTN,SCI,SGP,SNV,SNV,SNA,SNA,SNA,SNA,SPG,STR,SUNEQ,SVU,SWK,SWN,SYK,SYY,SYK,SYY,SYY,T,SWKS,SYF,SYF,TDG
428,SHW,RYC,RTX,SGID,SHW,SO,SO,SNV,SNV,SNV,SNV,SPGI,STT,SVU,SWK,SWN,SWY,SYY,T,SYY,T,T,TAP,SYF,SYK,SYK,TDY
429,SIAL,SCI,RYC,SGP,SIAL,SPGI,SPGI,SO,SO,SO,SO,SPLS,STZ,SWK,SWN,SWY,SYK,T,TAP,T,TAP,TAP,TDC,SYK,SYY,SYY,TEL
430,SKLNQ,SGID,SCI,SHW,SLB,SPLS,SPLS,SPGI,SPG,SPG,SOV,SRE,SVU,SWY,SWY,SYK,SYY,TAP,TDC,TAP,TDC,TDC,TDG,SYY,T,T,TER
431,SKY,SGP,SGID,SIAL,SLM,SRE,SRE,SPLS,SPGI,SPGI,SPG,SSP,SWK,SYK,SYK,SYY,T,TDC,TEG,TDC,TEG,TEL,TEL,T,TAP,TAP,TFC
432,SLB,SHOY,SGP,SLB,SNA,STI,STI,SRE,SPLS,SPLS,SPGI,STI,SWY,SYY,SYY,T,TAP,TEG,TEL,TEG,TEL,TFC,TFC,TAP,TDG,TDG,TFX
433,SNA,SHW,SHOY,SNA,SNV,STJ,STJ,STI,SRE,SRE,SPLS,STJ,SYK,T,T,TAP,TDC,TEL,TER,TEL,TFC,TFCF,TFCF,TDG,TEL,TEL,TGT
434,SO,SIAL,SHW,SNV,SO,STT,STT,STJ,STI,STI,SRE,STT,SYY,TAP,TAP,TDC,TEG,TER,TFC,TFC,TFCFA,TFCFA,TFCFA,TEL,TFC,TFC,TIF
435,SPGI,SLB,SIAL,SO,SPGI,SVU,SVU,STT,STJ,STJ,STI,STZ,T,TDC,TDC,TEG,TER,TFC,TFCFA,TFCFA,TGNA,TGNA,TGNA,TFC,TFCF,TFX,TJX
436,SPXC,SNA,SLB,SPGI,SPLS,SWK,SWK,SVU,STT,STT,STJ,SVU,TAP,TEG,TEG,TER,TFC,TFCFA,TGNA,TGNA,TGT,TGT,TGT,TFCF,TFCFA,TGT,TMO
437,SRR,SO,SNA,STI,SRE,SWY,SWY,SWK,SVU,SVU,STT,SWK,TEK,TEL,TEL,TFC,TFCFA,TGNA,TGT,TGT,THC,THC,TIF,TFCFA,TGT,TIF,TMUS
438,STI,SPGI,SO,STJ,STI,SXCL,SXCL,SWY,SWK,SWK,SVU,SWY,TER,TER,TER,TFCFA,TGNA,TGT,THC,THC,TIF,TIF,TJX,TGT,TIF,TJX,TPR
439,STJ,SRR,SPGI,STT,STJ,SYY,SYK,SYK,SWY,SWY,SWK,SYK,TEX,TEX,TFC,TGNA,TGT,THC,TIF,TIF,TJX,TJX,TMO,TIF,TJX,TMO,TROW
440,SVU,STI,SRR,SVU,STT,T,SYY,SYY,SYK,SYK,SWY,SYY,TFC,TFC,TFCFA,TGT,THC,TIE,TJX,TJX,TMO,TMO,TNL,TJX,TMO,TMUS,TRV
441,SWK,STJ,STI,SWK,SVU,TAP,T,T,SYY,SYY,SYK,T,TFCFA,TFCFA,TGNA,THC,TIE,TIF,TMO,TMO,TNL,TNL,TPR,TMO,TPR,TPR,TSCO
442,SYY,SVU,STJ,SYY,SWK,TEK,TAP,TAP,T,T,SYY,TAP,TGNA,TGNA,TGT,TIE,TIF,TJX,TMUS,TNL,TPR,TPR,TRIP,TNL,TRIP,TROW,TSLA
443,T,SWK,SVU,T,SWY,TER,TEK,TEK,TAP,TAP,T,TEK,TGT,TGT,THC,TIF,TJX,TMO,TNL,TPR,TRIP,TRIP,TROW,TPR,TROW,TRV,TSN
444,TAP,SYY,SWK,TAP,SYY,TFC,TER,TER,TAP/B,TAP/B,TAP,TER,THC,THC,TIE,TJX,TLAB,TMUS,TPR,TRIP,TROW,TROW,TRV,TRIP,TRV,TSCO,TT
445,TCOMA,T,SYY,TCOMA,T,TGNA,TFC,TFC,TEK,TEK,TEK,TFC,TIF,TIE,TIF,TLAB,TMO,TNL,TRIP,TROW,TRV,TRV,TSCO,TROW,TSCO,TSN,TTWO
446,TDM,TAP,T,TEK,TAP,TGT,TGNA,TGNA,TER,TER,TER,TFCFA,TIN,TIF,TJX,TMO,TMUS,TPR,TROW,TRV,TSCO,TSCO,TSN,TRV,TSN,TT,TWTR
447,TEK,TCOMA,TAP,TEN,TCOMA,THC,TGT,TGT,TFC,TFC,TFC,TGNA,TJX,TJX,TLAB,TMUS,TNL,TRIP,TRV,TSN,TSN,TSN,TSS,TSCO,TSS,TTWO,TXN
448,TGNA,TDM,TCOMA,TFC,TEK,TIN,THC,THC,TGNA,TGNA,TFCFA,TGT,TLAB,TLAB,TMO,TNL,TPR,TROW,TSN,TSS,TSS,TSS,TT,TSN,TT,TWTR,TXT
449,TGT,TEK,TDM,TGNA,TEN,TJX,TIF,TIF,TGT,TGT,TGNA,THC,TMO,TMO,TNL,TPR,TROW,TRV,TSS,TT,TT,TT,TWX,TSS,TTWO,TXN,TYL
450,THC,TGNA,TEK,TGT,TFC,TKR,TIN,TIN,THC,THC,TGT,TIF,TNL,TNL,TPR,TROW,TRV,TSN,TT,TWC,TWC,TWC,TXN,TT,TWTR,TXT,UA
451,TIN,TGT,TEN,THC,TGNA,TLAB,TJX,TJX,TIF,TIF,THC,TIN,TPR,TPR,TROW,TRV,TSN,TSS,TWC,TWX,TWX,TWX,TXT,TWX,TXN,UA,UAA
452,TJX,THC,TGNA,TIN,TGT,TMC,TKR,TLAB,TIN,TIN,TIF,TJX,TRB,TROW,TRV,TSN,TSS,TT,TWX,TXN,TXN,TXN,UA,TXN,TXT,UAA,UAL
453,TKR,TIN,TGT,TJX,THC,TMO,TLAB,TMO,TJX,TJX,TIN,TLAB,TROW,TRV,TSN,TSS,TT,TWC,TXN,TXT,TXT,TXT,UAA,TXT,UA,UAL,UDR
454,TMC,TJX,THC,TKR,TIN,TNB,TMO,TNB,TLAB,TLAB,TJX,TMO,TRV,TSN,TSS,TWC,TWC,TWX,TXT,UNH,UAA,UAA,UAL,UA,UAA,UDR,UHS
455,TNB,TKR,TIN,TLAB,TJX,TOS,TNB,TOY,TMO,TMO,TLAB,TPR,TSN,TT,TT,TWX,TWX,TXN,UNH,UNM,UHS,UAL,UDR,UAA,UAL,UHS,ULTA
456,TOY,TLAB,TJX,TMC,TKR,TOY,TOS,TRB,TNB,TNB,TMO,TRB,TT,TWX,TWX,TXN,TXN,TXT,UNM,UNP,UNH,UHS,UHS,UAL,UDR,ULTA,UNH
457,TRB,TMC,TKR,TMO,TLAB,TRB,TOY,TROW,TOY,TOY,TOY,TROW,TWX,TXN,TXN,TXT,TXT,UNH,UNP,UPS,UNM,UNH,ULTA,UDR,UHS,UNH,UNM
458,TRV,TNB,TLAB,TNB,TMC,TROW,TRB,TRV,TRB,TRB,TPR,TRV,TXN,TXT,TXT,UNH,UNH,UNM,UPS,URBN,UNP,UNM,UNH,UHS,ULTA,UNM,UNP
459,TT,TOY,TMC,TOY,TMO,TRV,TROW,TT,TROW,TROW,TRB,TSN,TXT,UIS,UNH,UNM,UNM,UNP,URBN,USB,UPS,UNP,UNM,ULTA,UNH,UNP,UPS
460,TXN,TRB,TNB,TRB,TNB,TT,TRV,TUP,TRV,TRV,TROW,TT,TXU,UNH,UNM,UNP,UNP,UPS,USB,V,URBN,UPS,UNP,UNH,UNM,UPS,URI
461,TXT,TRV,TOY,TRV,TOY,TUP,TT,TWX,TT,TT,TRV,TWX,UIS,UNM,UNP,UPS,UPS,URBN,V,VALPQ,URI,URBN,UPS,UNM,UNP,URI,USB
462,TXU,TT,TRB,TT,TRB,TWX,TUP,TXN,TUP,TUP,TT,TXN,UNH,UNP,UPS,USB,URBN,USB,VALPQ,VAR,USB,URI,URBN,UNP,UPS,USB,V
463,UAWGQ,TXN,TRV,TUP,TRV,TXN,TWX,TXT,TWX,TWX,TWX,TXT,UNM,UPS,USB,V,USB,V,VAR,VFC,V,USB,URI,UPS,URI,V,VAR
464,UCM,TXT,TT,TXN,TT,TXT,TXN,TXU,TXN,TXN,TXN,TXU,UNP,USB,VALPQ,VAR,V,VAR,VFC,VIAB,VALPQ,V,USB,URI,USB,VAR,VFC
465,UEP,TXU,TUP,TXT,TUP,TXU,TXT,UAWGQ,TXT,TXT,TXT,UIS,UPS,VALPQ,VAR,VFC,VAR,VFC,VIAB,VIAC,VAR,VALPQ,V,USB,V,VFC,VIAC
466,UIS,UAWGQ,TXN,TXU,TXN,UAWGQ,TXU,UIS,TXU,TXU,TXU,UNH,USB,VAR,VFC,VIAB,VFC,VIAB,VIAC,VLO,VFC,VAR,VAR,V,VAR,VIAC,VLO
467,UN,UCM,TXT,UAWGQ,TXT,UCM,UAWGQ,UN,UIS,UIS,UIS,UNM,VFC,VFC,VIAB,VIAC,VIAB,VIAC,VIAV,VMC,VIAB,VFC,VFC,VAR,VFC,VLO,VMC
468,UNH,UEP,TXU,UCM,TXU,UIS,UIS,UNH,UNH,UNH,UNH,UNP,VIAB,VIAB,VIAC,VIAV,VIAC,VIAV,VLO,VNO,VIAC,VIAB,VIAB,VFC,VIAB,VMC,VNO
469,UNM,UIS,UAWGQ,UEP,UAWGQ,UMGI,UN,UNM,UNM,UNM,UNM,UPS,VIAC,VIAC,VIAV,VLO,VIAV,VLO,VMC,VRSN,VLO,VIAC,VIAC,VIAB,VIAC,VNO,VNT
470,UNP,UMGI,UCM,UIS,UCM,UN,UNH,UNP,UNP,UNP,UNP,USB,VIAV,VIAV,VLO,VMC,VLO,VMC,VNO,VRTX,VMC,VLO,VLO,VIAC,VLO,VRSK,VRSK
471,UPJ,UN,UEP,UMGI,UIS,UNH,UNM,USB,UPS,UPS,UPS,VFC,VLO,VLO,VMC,VNO,VMC,VNO,VRSN,VTR,VNO,VMC,VMC,VLO,VMC,VRSN,VRSN
472,USB,UNH,UIS,UN,UMGI,UNM,UNP,VFC,USB,USB,USB,VIAC,VMC,VMC,VNO,VRSN,VNO,VRSN,VTR,VZ,VRSN,VNO,VNO,VMC,VNO,VRTX,VRTX
473,USHC,UNM,UMGI,UNH,UN,UNP,USB,VIAC,VFC,VFC,VFC,VIAV,VNO,VNO,VRSN,VTR,VRSN,VTR,VZ,WAT,VRTX,VRSK,VRSK,VNO,VRSK,VTR,VTR
474,USW,UNP,UN,UNM,UNH,USB,VFC,VIAV,VIAC,VIAC,VIAC,VLO,VRSN,VRSN,VZ,VZ,VTR,VZ,WAT,WBA,VTR,VRSN,VRSN,VRSK,VRSN,VZ,VTRS
475,VAT,USHC,UNH,UNP,UNM,USW,VIAC,VMC,VIAV,VIAV,VIAV,VMC,VZ,VZ,WAT,WAT,VZ,WAT,WBA,WDC,VZ,VRTX,VRTX,VRSN,VRTX,WAB,VZ
476,VFC,USW,UNM,USW,UNP,VFC,VIAV,VSTNQ,VMC,VMC,VLO,VNO,WAMUQ,WAMUQ,WBA,WBA,WAT,WBA,WDC,WEC,WAT,VTR,VTR,VRTX,VTR,WAT,WAB
477,VIAC,VAT,UNP,VFC,USW,VIAC,VMC,VTSS,VSTNQ,VSTNQ,VMC,VSTNQ,WAT,WAT,WEC,WDC,WBA,WDC,WEC,WELL,WBA,VZ,VZ,VTR,VZ,WBA,WAT
478,VVI,VFC,USW,VIAC,VFC,VMC,VSTNQ,VZ,VZ,VZ,VSTNQ,VZ,WBA,WBA,WFC,WEC,WDC,WEC,WELL,WFC,WDC,WAT,WAT,VZ,WAT,WCG,WBA
479,VZ,VIAC,VFC,VZ,VIAC,VZ,VTSS,WAMUQ,WAMUQ,WAMUQ,VZ,WAMUQ,WFC,WFC,WFM,WELL,WEC,WELL,WFC,WFM,WEC,WBA,WBA,WAT,WBA,WDC,WDC
480,WAI,VVI,VIAC,WAI,VZ,WAMUQ,VZ,WBA,WAT,WAT,WAMUQ,WAT,WFM,WFM,WFTIQ,WFC,WELL,WFC,WFM,WHR,WELL,WDC,WDC,WBA,WCG,WEC,WEC
481,WBA,VZ,VZ,WAMUQ,WAMUQ,WBA,WAMUQ,WCOEQ,WBA,WBA,WAT,WBA,WFTIQ,WFTIQ,WHR,WFM,WFC,WFM,WHR,WINMQ,WFC,WEC,WEC,WDC,WDC,WELL,WELL
482,WFC,WAI,WAI,WBA,WBA,WCOEQ,WBA,WFC,WFC,WFC,WBA,WFC,WHR,WHR,WINMQ,WHR,WFM,WHR,WINMQ,WM,WFM,WELL,WELL,WEC,WEC,WFC,WFC
483,WHR,WBA,WBA,WCOEQ,WCOEQ,WFC,WCOEQ,WHR,WHR,WHR,WFC,WFTIQ,WINMQ,WINMQ,WM,WINMQ,WHR,WINMQ,WM,WMB,WHR,WFC,WFC,WELL,WELL,WHR,WHR
484,WLA,WFC,WCOEQ,WFC,WFC,WHR,WFC,WM,WM,WM,WHR,WHR,WM,WM,WMB,WM,WINMQ,WM,WMB,WMT,WINMQ,WFM,WFM,WFC,WFC,WLTW,WLTW
485,WMB,WHR,WFC,WHR,WHR,WLA,WHR,WMB,WMB,WMB,WM,WM,WMB,WMB,WMT,WMB,WM,WMB,WMT,WPX,WM,WHR,WHR,WHR,WHR,WM,WM
486,WMT,WLA,WHR,WLA,WLA,WM,WM,WMT,WMT,WMT,WMB,WMB,WMT,WMT,WU,WMT,WMB,WMT,WPX,WU,WMB,WM,WLTW,WLTW,WLTW,WMB,WMB
487,WMX,WMB,WLA,WMB,WM,WMB,WMB,WNDXQ,WNDXQ,WNDXQ,WMT,WMT,WU,WU,WY,WU,WMT,WU,WU,WY,WMT,WMB,WM,WM,WM,WMT,WMT
488,WNDXQ,WMT,WMB,WMT,WMB,WMT,WMT,WOR,WOR,WOR,WWY,WWY,WWY,WWY,WYE,WY,WU,WY,WY,WYNN,WU,WMT,WMB,WMB,WMB,WRB,WRB
489,WOR,WMX,WMT,WMX,WMT,WNDXQ,WNDXQ,WWY,WWY,WWY,WY,WY,WY,WY,WYNN,WYNN,WY,WYNN,WYNN,X,WY,WRK,WMT,WMT,WMT,WRK,WRK
490,WWY,WNDXQ,WMX,WNDXQ,WNDXQ,WOR,WOR,WY,WY,WY,WYE,WYE,WYE,WYE,X,X,WYNN,X,X,XEL,WYNN,WU,WRK,WRK,WRK,WU,WST
491,WY,WOR,WNDXQ,WOR,WOR,WWY,WWY,WYE,WYE,WYE,X,X,X,X,XEL,XEL,X,XEL,XEL,XLNX,XEC,WY,WU,WU,WU,WY,WU
492,WYE,WWY,WOR,WWY,WWY,WY,WY,X,X,X,XEL,XEL,XEL,XEL,XLNX,XLNX,XEL,XLNX,XLNX,XOM,XEL,WYNN,WY,WY,WY,WYNN,WY
493,X,WY,WWY,WY,WY,WYE,WYE,XEL,XEL,XEL,XLNX,XLNX,XLNX,XLNX,XOM,XOM,XLNX,XOM,XOM,XRAY,XLNX,XEC,WYNN,WYNN,WYNN,XEC,WYNN
494,XEL,WYE,WY,WYE,WYE,X,X,XLNX,XLNX,XLNX,XOM,XOM,XOM,XOM,XRAY,XRAY,XOM,XRAY,XRAY,XRX,XOM,XEL,XEC,XEC,XEC,XEL,XEL
495,XOM,X,WYE,X,X,XEL,XEL,XOM,XOM,XOM,XRX,XRX,XRX,XRX,XRX,XRX,XRAY,XRX,XRX,XYL,XRAY,XLNX,XEL,XEL,XEL,XLNX,XLNX
496,XRX,XEL,X,XEL,XEL,XLNX,XLNX,XRX,XRX,XRX,XTO,XTO,XTO,XTO,XTO,XTO,XRX,XYL,XYL,YUM,XRX,XOM,XLNX,XLNX,XLNX,XOM,XOM
497,YELL,XOM,XEL,XOM,XOM,XOM,XOM,YUM,YUM,YUM,YUM,YUM,YUM,YUM,YUM,YUM,YUM,YUM,YUM,ZBH,XYL,XRAY,XOM,XOM,XOM,XRAY,XRAY
498,ZETHQ,XRX,XOM,XRX,XRX,XRX,XRX,ZBH,ZBH,ZBH,ZBH,ZBH,ZBH,ZBH,ZBH,ZBH,ZBH,ZBH,ZBH,ZION,YUM,XRX,XRAY,XRAY,XRAY,XRX,XRX
499,ZRN,YELL,XRX,YUM,YUM,YUM,YUM,ZION,ZION,ZION,ZION,ZION,ZION,ZION,ZION,ZION,ZION,ZION,ZION,ZTS,ZBH,XYL,XRX,XRX,XRX,XYL,XYL
500,,,,,,,,,,,,,,,,,,,,,ZION,YUM,XYL,XYL,XYL,YUM,YUM
501,,,,,,,,,,,,,,,,,,,,,ZTS,ZBH,YUM,YUM,YUM,ZBH,ZBH
502,,,,,,,,,,,,,,,,,,,,,,ZION,ZBH,ZBH,ZBH,ZBRA,ZBRA
503,,,,,,,,,,,,,,,,,,,,,,ZTS,ZION,ZION,ZION,ZION,ZION
504,,,,,,,,,,,,,,,,,,,,,,,ZTS,ZTS,ZTS,ZTS,ZTS
