ID,DATE,Weights,Positions,ORIG_IDS,ID(),Partial Errors
0111145D UN Equity,2011-01-01 00:00:00,,,SPX INDEX,0111145D UN Equity,No permissions for Weights
0203524D UN Equity,2011-01-01 00:00:00,,,SPX INDEX,0203524D UN Equity,No permissions for Weights
0772031D UN Equity,2011-01-01 00:00:00,,,SPX INDEX,0772031D UN Equity,No permissions for Weights
0848680D UN Equity,2011-01-01 00:00:00,,,SPX INDEX,0848680D UN Equity,No permissions for Weights
0961514D UN Equity,2011-01-01 00:00:00,,,SPX INDEX,0961514D UN Equity,No permissions for Weights
1086832D UN Equity,2011-01-01 00:00:00,,,SPX INDEX,1086832D UN Equity,No permissions for Weights
1255459D UW Equity,2011-01-01 00:00:00,,,SPX INDEX,1255459D UW Equity,No permissions for Weights
1280712D UW Equity,2011-01-01 00:00:00,,,SPX INDEX,1280712D UW Equity,No permissions for Weights
1284849D UN Equity,2011-01-01 00:00:00,,,SPX INDEX,1284849D UN Equity,No permissions for Weights
1431816D UN Equity,2011-01-01 00:00:00,,,SPX INDEX,1431816D UN Equity,No permissions for Weights
1436513D UN Equity,2011-01-01 00:00:00,,,SPX INDEX,1436513D UN Equity,No permissions for Weights
1448062D UW Equity,2011-01-01 00:00:00,,,SPX INDEX,1448062D UW Equity,No permissions for Weights
1500785D UN Equity,2011-01-01 00:00:00,,,SPX INDEX,1500785D UN Equity,No permissions for Weights
1518855D US Equity,2011-01-01 00:00:00,,,SPX INDEX,1518855D US Equity,No permissions for Weights
1519128D UW Equity,2011-01-01 00:00:00,,,SPX INDEX,1519128D UW Equity,No permissions for Weights
1539941D UN Equity,2011-01-01 00:00:00,,,SPX INDEX,1539941D UN Equity,No permissions for Weights
1541931D UW Equity,2011-01-01 00:00:00,,,SPX INDEX,1541931D UW Equity,No permissions for Weights
1683997D UW Equity,2011-01-01 00:00:00,,,SPX INDEX,1683997D UW Equity,No permissions for Weights
1684442D UN Equity,2011-01-01 00:00:00,,,SPX INDEX,1684442D UN Equity,No permissions for Weights
1697067D UN Equity,2011-01-01 00:00:00,,,SPX INDEX,1697067D UN Equity,No permissions for Weights
1715651D UN Equity,2011-01-01 00:00:00,,,SPX INDEX,1715651D UN Equity,No permissions for Weights
1752754D UN Equity,2011-01-01 00:00:00,,,SPX INDEX,1752754D UN Equity,No permissions for Weights
1806854D UN Equity,2011-01-01 00:00:00,,,SPX INDEX,1806854D UN Equity,No permissions for Weights
1831877D UN Equity,2011-01-01 00:00:00,,,SPX INDEX,1831877D UN Equity,No permissions for Weights
1856613D UN Equity,2011-01-01 00:00:00,,,SPX INDEX,1856613D UN Equity,No permissions for Weights
1858968D UN Equity,2011-01-01 00:00:00,,,SPX INDEX,1858968D UN Equity,No permissions for Weights
8394653Q UN Equity,2011-01-01 00:00:00,,,SPX INDEX,8394653Q UN Equity,No permissions for Weights
9876544D UN Equity,2011-01-01 00:00:00,,,SPX INDEX,9876544D UN Equity,No permissions for Weights
9876566D UN Equity,2011-01-01 00:00:00,,,SPX INDEX,9876566D UN Equity,No permissions for Weights
9990302D UN Equity,2011-01-01 00:00:00,,,SPX INDEX,9990302D UN Equity,No permissions for Weights
A UN Equity,2011-01-01 00:00:00,,,SPX INDEX,A UN Equity,No permissions for Weights
AA UN Equity,2011-01-01 00:00:00,,,SPX INDEX,AA UN Equity,No permissions for Weights
AAPL UW Equity,2011-01-01 00:00:00,,,SPX INDEX,AAPL UW Equity,No permissions for Weights
ABC UN Equity,2011-01-01 00:00:00,,,SPX INDEX,ABC UN Equity,No permissions for Weights
ABT UN Equity,2011-01-01 00:00:00,,,SPX INDEX,ABT UN Equity,No permissions for Weights
ADBE UW Equity,2011-01-01 00:00:00,,,SPX INDEX,ADBE UW Equity,No permissions for Weights
ADI UN Equity,2011-01-01 00:00:00,,,SPX INDEX,ADI UN Equity,No permissions for Weights
ADM UN Equity,2011-01-01 00:00:00,,,SPX INDEX,ADM UN Equity,No permissions for Weights
ADP UW Equity,2011-01-01 00:00:00,,,SPX INDEX,ADP UW Equity,No permissions for Weights
ADSK UW Equity,2011-01-01 00:00:00,,,SPX INDEX,ADSK UW Equity,No permissions for Weights
AEE UN Equity,2011-01-01 00:00:00,,,SPX INDEX,AEE UN Equity,No permissions for Weights
AEP UN Equity,2011-01-01 00:00:00,,,SPX INDEX,AEP UN Equity,No permissions for Weights
AES UN Equity,2011-01-01 00:00:00,,,SPX INDEX,AES UN Equity,No permissions for Weights
AET UN Equity,2011-01-01 00:00:00,,,SPX INDEX,AET UN Equity,No permissions for Weights
AFL UN Equity,2011-01-01 00:00:00,,,SPX INDEX,AFL UN Equity,No permissions for Weights
AGN UN Equity,2011-01-01 00:00:00,,,SPX INDEX,AGN UN Equity,No permissions for Weights
AIG UN Equity,2011-01-01 00:00:00,,,SPX INDEX,AIG UN Equity,No permissions for Weights
AIV UN Equity,2011-01-01 00:00:00,,,SPX INDEX,AIV UN Equity,No permissions for Weights
AIZ UN Equity,2011-01-01 00:00:00,,,SPX INDEX,AIZ UN Equity,No permissions for Weights
AKAM UW Equity,2011-01-01 00:00:00,,,SPX INDEX,AKAM UW Equity,No permissions for Weights
AKS UN Equity,2011-01-01 00:00:00,,,SPX INDEX,AKS UN Equity,No permissions for Weights
ALL UN Equity,2011-01-01 00:00:00,,,SPX INDEX,ALL UN Equity,No permissions for Weights
AMAT UW Equity,2011-01-01 00:00:00,,,SPX INDEX,AMAT UW Equity,No permissions for Weights
AMD UN Equity,2011-01-01 00:00:00,,,SPX INDEX,AMD UN Equity,No permissions for Weights
AMGN UW Equity,2011-01-01 00:00:00,,,SPX INDEX,AMGN UW Equity,No permissions for Weights
AMP UN Equity,2011-01-01 00:00:00,,,SPX INDEX,AMP UN Equity,No permissions for Weights
AMT UN Equity,2011-01-01 00:00:00,,,SPX INDEX,AMT UN Equity,No permissions for Weights
AMZN UW Equity,2011-01-01 00:00:00,,,SPX INDEX,AMZN UW Equity,No permissions for Weights
AN UN Equity,2011-01-01 00:00:00,,,SPX INDEX,AN UN Equity,No permissions for Weights
ANDV UN Equity,2011-01-01 00:00:00,,,SPX INDEX,ANDV UN Equity,No permissions for Weights
ANF UN Equity,2011-01-01 00:00:00,,,SPX INDEX,ANF UN Equity,No permissions for Weights
ANTM UN Equity,2011-01-01 00:00:00,,,SPX INDEX,ANTM UN Equity,No permissions for Weights
AON UN Equity,2011-01-01 00:00:00,,,SPX INDEX,AON UN Equity,No permissions for Weights
APC UN Equity,2011-01-01 00:00:00,,,SPX INDEX,APC UN Equity,No permissions for Weights
APD UN Equity,2011-01-01 00:00:00,,,SPX INDEX,APD UN Equity,No permissions for Weights
APH UN Equity,2011-01-01 00:00:00,,,SPX INDEX,APH UN Equity,No permissions for Weights
APOL UW Equity,2011-01-01 00:00:00,,,SPX INDEX,APOL UW Equity,No permissions for Weights
ARG UN Equity,2011-01-01 00:00:00,,,SPX INDEX,ARG UN Equity,No permissions for Weights
ATGE UN Equity,2011-01-01 00:00:00,,,SPX INDEX,ATGE UN Equity,No permissions for Weights
ATI UN Equity,2011-01-01 00:00:00,,,SPX INDEX,ATI UN Equity,No permissions for Weights
AVB UN Equity,2011-01-01 00:00:00,,,SPX INDEX,AVB UN Equity,No permissions for Weights
AVP UN Equity,2011-01-01 00:00:00,,,SPX INDEX,AVP UN Equity,No permissions for Weights
AVY UN Equity,2011-01-01 00:00:00,,,SPX INDEX,AVY UN Equity,No permissions for Weights
AXP UN Equity,2011-01-01 00:00:00,,,SPX INDEX,AXP UN Equity,No permissions for Weights
AYE UN Equity,2011-01-01 00:00:00,,,SPX INDEX,AYE UN Equity,No permissions for Weights
AZO UN Equity,2011-01-01 00:00:00,,,SPX INDEX,AZO UN Equity,No permissions for Weights
BA UN Equity,2011-01-01 00:00:00,,,SPX INDEX,BA UN Equity,No permissions for Weights
BAC UN Equity,2011-01-01 00:00:00,,,SPX INDEX,BAC UN Equity,No permissions for Weights
BAX UN Equity,2011-01-01 00:00:00,,,SPX INDEX,BAX UN Equity,No permissions for Weights
BBBY UW Equity,2011-01-01 00:00:00,,,SPX INDEX,BBBY UW Equity,No permissions for Weights
BBWI UN Equity,2011-01-01 00:00:00,,,SPX INDEX,BBWI UN Equity,No permissions for Weights
BBY UN Equity,2011-01-01 00:00:00,,,SPX INDEX,BBY UN Equity,No permissions for Weights
BCR UN Equity,2011-01-01 00:00:00,,,SPX INDEX,BCR UN Equity,No permissions for Weights
BDX UN Equity,2011-01-01 00:00:00,,,SPX INDEX,BDX UN Equity,No permissions for Weights
BEN UN Equity,2011-01-01 00:00:00,,,SPX INDEX,BEN UN Equity,No permissions for Weights
BF/B UN Equity,2011-01-01 00:00:00,,,SPX INDEX,BF/B UN Equity,No permissions for Weights
BHI UN Equity,2011-01-01 00:00:00,,,SPX INDEX,BHI UN Equity,No permissions for Weights
BIG UN Equity,2011-01-01 00:00:00,,,SPX INDEX,BIG UN Equity,No permissions for Weights
BIIB UW Equity,2011-01-01 00:00:00,,,SPX INDEX,BIIB UW Equity,No permissions for Weights
BK UN Equity,2011-01-01 00:00:00,,,SPX INDEX,BK UN Equity,No permissions for Weights
BKNG UW Equity,2011-01-01 00:00:00,,,SPX INDEX,BKNG UW Equity,No permissions for Weights
BLL UN Equity,2011-01-01 00:00:00,,,SPX INDEX,BLL UN Equity,No permissions for Weights
BMC UW Equity,2011-01-01 00:00:00,,,SPX INDEX,BMC UW Equity,No permissions for Weights
BMS UN Equity,2011-01-01 00:00:00,,,SPX INDEX,BMS UN Equity,No permissions for Weights
BMY UN Equity,2011-01-01 00:00:00,,,SPX INDEX,BMY UN Equity,No permissions for Weights
BRCM UW Equity,2011-01-01 00:00:00,,,SPX INDEX,BRCM UW Equity,No permissions for Weights
BRK/B UN Equity,2011-01-01 00:00:00,,,SPX INDEX,BRK/B UN Equity,No permissions for Weights
BSX UN Equity,2011-01-01 00:00:00,,,SPX INDEX,BSX UN Equity,No permissions for Weights
BTUUQ UN Equity,2011-01-01 00:00:00,,,SPX INDEX,BTUUQ UN Equity,No permissions for Weights
BXP UN Equity,2011-01-01 00:00:00,,,SPX INDEX,BXP UN Equity,No permissions for Weights
C UN Equity,2011-01-01 00:00:00,,,SPX INDEX,C UN Equity,No permissions for Weights
CA UW Equity,2011-01-01 00:00:00,,,SPX INDEX,CA UW Equity,No permissions for Weights
CAG UN Equity,2011-01-01 00:00:00,,,SPX INDEX,CAG UN Equity,No permissions for Weights
CAH UN Equity,2011-01-01 00:00:00,,,SPX INDEX,CAH UN Equity,No permissions for Weights
CAM UN Equity,2011-01-01 00:00:00,,,SPX INDEX,CAM UN Equity,No permissions for Weights
CAT UN Equity,2011-01-01 00:00:00,,,SPX INDEX,CAT UN Equity,No permissions for Weights
CB UN Equity,2011-01-01 00:00:00,,,SPX INDEX,CB UN Equity,No permissions for Weights
CBRE UN Equity,2011-01-01 00:00:00,,,SPX INDEX,CBRE UN Equity,No permissions for Weights
CCEP UN Equity,2011-01-01 00:00:00,,,SPX INDEX,CCEP UN Equity,No permissions for Weights
CCL UN Equity,2011-01-01 00:00:00,,,SPX INDEX,CCL UN Equity,No permissions for Weights
CEG UN Equity,2011-01-01 00:00:00,,,SPX INDEX,CEG UN Equity,No permissions for Weights
CELG UW Equity,2011-01-01 00:00:00,,,SPX INDEX,CELG UW Equity,No permissions for Weights
CEPH UW Equity,2011-01-01 00:00:00,,,SPX INDEX,CEPH UW Equity,No permissions for Weights
CERN UW Equity,2011-01-01 00:00:00,,,SPX INDEX,CERN UW Equity,No permissions for Weights
CF UN Equity,2011-01-01 00:00:00,,,SPX INDEX,CF UN Equity,No permissions for Weights
CFN UN Equity,2011-01-01 00:00:00,,,SPX INDEX,CFN UN Equity,No permissions for Weights
CHKAQ UN Equity,2011-01-01 00:00:00,,,SPX INDEX,CHKAQ UN Equity,No permissions for Weights
CHRW UW Equity,2011-01-01 00:00:00,,,SPX INDEX,CHRW UW Equity,No permissions for Weights
CI UN Equity,2011-01-01 00:00:00,,,SPX INDEX,CI UN Equity,No permissions for Weights
CINF UW Equity,2011-01-01 00:00:00,,,SPX INDEX,CINF UW Equity,No permissions for Weights
CL UN Equity,2011-01-01 00:00:00,,,SPX INDEX,CL UN Equity,No permissions for Weights
CLF UN Equity,2011-01-01 00:00:00,,,SPX INDEX,CLF UN Equity,No permissions for Weights
CLX UN Equity,2011-01-01 00:00:00,,,SPX INDEX,CLX UN Equity,No permissions for Weights
CMA UN Equity,2011-01-01 00:00:00,,,SPX INDEX,CMA UN Equity,No permissions for Weights
CMCSA UW Equity,2011-01-01 00:00:00,,,SPX INDEX,CMCSA UW Equity,No permissions for Weights
CME UW Equity,2011-01-01 00:00:00,,,SPX INDEX,CME UW Equity,No permissions for Weights
CMI UN Equity,2011-01-01 00:00:00,,,SPX INDEX,CMI UN Equity,No permissions for Weights
CMS UN Equity,2011-01-01 00:00:00,,,SPX INDEX,CMS UN Equity,No permissions for Weights
CNP UN Equity,2011-01-01 00:00:00,,,SPX INDEX,CNP UN Equity,No permissions for Weights
CNX UN Equity,2011-01-01 00:00:00,,,SPX INDEX,CNX UN Equity,No permissions for Weights
COF UN Equity,2011-01-01 00:00:00,,,SPX INDEX,COF UN Equity,No permissions for Weights
COG UN Equity,2011-01-01 00:00:00,,,SPX INDEX,COG UN Equity,No permissions for Weights
COL UN Equity,2011-01-01 00:00:00,,,SPX INDEX,COL UN Equity,No permissions for Weights
COP UN Equity,2011-01-01 00:00:00,,,SPX INDEX,COP UN Equity,No permissions for Weights
COST UW Equity,2011-01-01 00:00:00,,,SPX INDEX,COST UW Equity,No permissions for Weights
CPB UN Equity,2011-01-01 00:00:00,,,SPX INDEX,CPB UN Equity,No permissions for Weights
CPPRQ UN Equity,2011-01-01 00:00:00,,,SPX INDEX,CPPRQ UN Equity,No permissions for Weights
CRM UN Equity,2011-01-01 00:00:00,,,SPX INDEX,CRM UN Equity,No permissions for Weights
CSC UN Equity,2011-01-01 00:00:00,,,SPX INDEX,CSC UN Equity,No permissions for Weights
CSCO UW Equity,2011-01-01 00:00:00,,,SPX INDEX,CSCO UW Equity,No permissions for Weights
CSX UN Equity,2011-01-01 00:00:00,,,SPX INDEX,CSX UN Equity,No permissions for Weights
CTAS UW Equity,2011-01-01 00:00:00,,,SPX INDEX,CTAS UW Equity,No permissions for Weights
CTSH UW Equity,2011-01-01 00:00:00,,,SPX INDEX,CTSH UW Equity,No permissions for Weights
CTXS UW Equity,2011-01-01 00:00:00,,,SPX INDEX,CTXS UW Equity,No permissions for Weights
CVC UN Equity,2011-01-01 00:00:00,,,SPX INDEX,CVC UN Equity,No permissions for Weights
CVH UN Equity,2011-01-01 00:00:00,,,SPX INDEX,CVH UN Equity,No permissions for Weights
CVS UN Equity,2011-01-01 00:00:00,,,SPX INDEX,CVS UN Equity,No permissions for Weights
CVX UN Equity,2011-01-01 00:00:00,,,SPX INDEX,CVX UN Equity,No permissions for Weights
D UN Equity,2011-01-01 00:00:00,,,SPX INDEX,D UN Equity,No permissions for Weights
DE UN Equity,2011-01-01 00:00:00,,,SPX INDEX,DE UN Equity,No permissions for Weights
DFODQ UN Equity,2011-01-01 00:00:00,,,SPX INDEX,DFODQ UN Equity,No permissions for Weights
DFS UN Equity,2011-01-01 00:00:00,,,SPX INDEX,DFS UN Equity,No permissions for Weights
DGX UN Equity,2011-01-01 00:00:00,,,SPX INDEX,DGX UN Equity,No permissions for Weights
DHI UN Equity,2011-01-01 00:00:00,,,SPX INDEX,DHI UN Equity,No permissions for Weights
DHR UN Equity,2011-01-01 00:00:00,,,SPX INDEX,DHR UN Equity,No permissions for Weights
DIS UN Equity,2011-01-01 00:00:00,,,SPX INDEX,DIS UN Equity,No permissions for Weights
DISCA UW Equity,2011-01-01 00:00:00,,,SPX INDEX,DISCA UW Equity,No permissions for Weights
DNRCQ UN Equity,2011-01-01 00:00:00,,,SPX INDEX,DNRCQ UN Equity,No permissions for Weights
DOFSQ UN Equity,2011-01-01 00:00:00,,,SPX INDEX,DOFSQ UN Equity,No permissions for Weights
DOV UN Equity,2011-01-01 00:00:00,,,SPX INDEX,DOV UN Equity,No permissions for Weights
DRI UN Equity,2011-01-01 00:00:00,,,SPX INDEX,DRI UN Equity,No permissions for Weights
DTE UN Equity,2011-01-01 00:00:00,,,SPX INDEX,DTE UN Equity,No permissions for Weights
DUK UN Equity,2011-01-01 00:00:00,,,SPX INDEX,DUK UN Equity,No permissions for Weights
DVA UN Equity,2011-01-01 00:00:00,,,SPX INDEX,DVA UN Equity,No permissions for Weights
DVN UN Equity,2011-01-01 00:00:00,,,SPX INDEX,DVN UN Equity,No permissions for Weights
EA UW Equity,2011-01-01 00:00:00,,,SPX INDEX,EA UW Equity,No permissions for Weights
EBAY UW Equity,2011-01-01 00:00:00,,,SPX INDEX,EBAY UW Equity,No permissions for Weights
ECL UN Equity,2011-01-01 00:00:00,,,SPX INDEX,ECL UN Equity,No permissions for Weights
ED UN Equity,2011-01-01 00:00:00,,,SPX INDEX,ED UN Equity,No permissions for Weights
EFX UN Equity,2011-01-01 00:00:00,,,SPX INDEX,EFX UN Equity,No permissions for Weights
EIX UN Equity,2011-01-01 00:00:00,,,SPX INDEX,EIX UN Equity,No permissions for Weights
EL UN Equity,2011-01-01 00:00:00,,,SPX INDEX,EL UN Equity,No permissions for Weights
EMC UN Equity,2011-01-01 00:00:00,,,SPX INDEX,EMC UN Equity,No permissions for Weights
EMN UN Equity,2011-01-01 00:00:00,,,SPX INDEX,EMN UN Equity,No permissions for Weights
EMR UN Equity,2011-01-01 00:00:00,,,SPX INDEX,EMR UN Equity,No permissions for Weights
EOG UN Equity,2011-01-01 00:00:00,,,SPX INDEX,EOG UN Equity,No permissions for Weights
EP UN Equity,2011-01-01 00:00:00,,,SPX INDEX,EP UN Equity,No permissions for Weights
EQR UN Equity,2011-01-01 00:00:00,,,SPX INDEX,EQR UN Equity,No permissions for Weights
EQT UN Equity,2011-01-01 00:00:00,,,SPX INDEX,EQT UN Equity,No permissions for Weights
ES UN Equity,2011-01-01 00:00:00,,,SPX INDEX,ES UN Equity,No permissions for Weights
ESRX UW Equity,2011-01-01 00:00:00,,,SPX INDEX,ESRX UW Equity,No permissions for Weights
ETFC UW Equity,2011-01-01 00:00:00,,,SPX INDEX,ETFC UW Equity,No permissions for Weights
ETN UN Equity,2011-01-01 00:00:00,,,SPX INDEX,ETN UN Equity,No permissions for Weights
ETR UN Equity,2011-01-01 00:00:00,,,SPX INDEX,ETR UN Equity,No permissions for Weights
EXC UN Equity,2011-01-01 00:00:00,,,SPX INDEX,EXC UN Equity,No permissions for Weights
EXPD UW Equity,2011-01-01 00:00:00,,,SPX INDEX,EXPD UW Equity,No permissions for Weights
EXPE UW Equity,2011-01-01 00:00:00,,,SPX INDEX,EXPE UW Equity,No permissions for Weights
F UN Equity,2011-01-01 00:00:00,,,SPX INDEX,F UN Equity,No permissions for Weights
FAST UW Equity,2011-01-01 00:00:00,,,SPX INDEX,FAST UW Equity,No permissions for Weights
FCX UN Equity,2011-01-01 00:00:00,,,SPX INDEX,FCX UN Equity,No permissions for Weights
FDO UN Equity,2011-01-01 00:00:00,,,SPX INDEX,FDO UN Equity,No permissions for Weights
FDX UN Equity,2011-01-01 00:00:00,,,SPX INDEX,FDX UN Equity,No permissions for Weights
FE UN Equity,2011-01-01 00:00:00,,,SPX INDEX,FE UN Equity,No permissions for Weights
FFIV UW Equity,2011-01-01 00:00:00,,,SPX INDEX,FFIV UW Equity,No permissions for Weights
FHI UN Equity,2011-01-01 00:00:00,,,SPX INDEX,FHI UN Equity,No permissions for Weights
FHN UN Equity,2011-01-01 00:00:00,,,SPX INDEX,FHN UN Equity,No permissions for Weights
FIS UN Equity,2011-01-01 00:00:00,,,SPX INDEX,FIS UN Equity,No permissions for Weights
FISV UW Equity,2011-01-01 00:00:00,,,SPX INDEX,FISV UW Equity,No permissions for Weights
FITB UW Equity,2011-01-01 00:00:00,,,SPX INDEX,FITB UW Equity,No permissions for Weights
FLIR UW Equity,2011-01-01 00:00:00,,,SPX INDEX,FLIR UW Equity,No permissions for Weights
FLR UN Equity,2011-01-01 00:00:00,,,SPX INDEX,FLR UN Equity,No permissions for Weights
FLS UN Equity,2011-01-01 00:00:00,,,SPX INDEX,FLS UN Equity,No permissions for Weights
FMC UN Equity,2011-01-01 00:00:00,,,SPX INDEX,FMC UN Equity,No permissions for Weights
FSLR UW Equity,2011-01-01 00:00:00,,,SPX INDEX,FSLR UW Equity,No permissions for Weights
FTI UN Equity,2011-01-01 00:00:00,,,SPX INDEX,FTI UN Equity,No permissions for Weights
FTRCQ UN Equity,2011-01-01 00:00:00,,,SPX INDEX,FTRCQ UN Equity,No permissions for Weights
GD UN Equity,2011-01-01 00:00:00,,,SPX INDEX,GD UN Equity,No permissions for Weights
GE UN Equity,2011-01-01 00:00:00,,,SPX INDEX,GE UN Equity,No permissions for Weights
GENZ UW Equity,2011-01-01 00:00:00,,,SPX INDEX,GENZ UW Equity,No permissions for Weights
GHC UN Equity,2011-01-01 00:00:00,,,SPX INDEX,GHC UN Equity,No permissions for Weights
GILD UW Equity,2011-01-01 00:00:00,,,SPX INDEX,GILD UW Equity,No permissions for Weights
GIS UN Equity,2011-01-01 00:00:00,,,SPX INDEX,GIS UN Equity,No permissions for Weights
GL UN Equity,2011-01-01 00:00:00,,,SPX INDEX,GL UN Equity,No permissions for Weights
GLW UN Equity,2011-01-01 00:00:00,,,SPX INDEX,GLW UN Equity,No permissions for Weights
GME UN Equity,2011-01-01 00:00:00,,,SPX INDEX,GME UN Equity,No permissions for Weights
GNW UN Equity,2011-01-01 00:00:00,,,SPX INDEX,GNW UN Equity,No permissions for Weights
GOOGL UW Equity,2011-01-01 00:00:00,,,SPX INDEX,GOOGL UW Equity,No permissions for Weights
GPC UN Equity,2011-01-01 00:00:00,,,SPX INDEX,GPC UN Equity,No permissions for Weights
GPS UN Equity,2011-01-01 00:00:00,,,SPX INDEX,GPS UN Equity,No permissions for Weights
GR UN Equity,2011-01-01 00:00:00,,,SPX INDEX,GR UN Equity,No permissions for Weights
GS UN Equity,2011-01-01 00:00:00,,,SPX INDEX,GS UN Equity,No permissions for Weights
GT UN Equity,2011-01-01 00:00:00,,,SPX INDEX,GT UN Equity,No permissions for Weights
GWW UN Equity,2011-01-01 00:00:00,,,SPX INDEX,GWW UN Equity,No permissions for Weights
HAL UN Equity,2011-01-01 00:00:00,,,SPX INDEX,HAL UN Equity,No permissions for Weights
HAR UN Equity,2011-01-01 00:00:00,,,SPX INDEX,HAR UN Equity,No permissions for Weights
HAS UW Equity,2011-01-01 00:00:00,,,SPX INDEX,HAS UW Equity,No permissions for Weights
HBAN UW Equity,2011-01-01 00:00:00,,,SPX INDEX,HBAN UW Equity,No permissions for Weights
HCBK UW Equity,2011-01-01 00:00:00,,,SPX INDEX,HCBK UW Equity,No permissions for Weights
HD UN Equity,2011-01-01 00:00:00,,,SPX INDEX,HD UN Equity,No permissions for Weights
HES UN Equity,2011-01-01 00:00:00,,,SPX INDEX,HES UN Equity,No permissions for Weights
HIG UN Equity,2011-01-01 00:00:00,,,SPX INDEX,HIG UN Equity,No permissions for Weights
HNZ UN Equity,2011-01-01 00:00:00,,,SPX INDEX,HNZ UN Equity,No permissions for Weights
HOG UN Equity,2011-01-01 00:00:00,,,SPX INDEX,HOG UN Equity,No permissions for Weights
HON UN Equity,2011-01-01 00:00:00,,,SPX INDEX,HON UN Equity,No permissions for Weights
HOT UN Equity,2011-01-01 00:00:00,,,SPX INDEX,HOT UN Equity,No permissions for Weights
HP UN Equity,2011-01-01 00:00:00,,,SPX INDEX,HP UN Equity,No permissions for Weights
HPQ UN Equity,2011-01-01 00:00:00,,,SPX INDEX,HPQ UN Equity,No permissions for Weights
HRB UN Equity,2011-01-01 00:00:00,,,SPX INDEX,HRB UN Equity,No permissions for Weights
HRL UN Equity,2011-01-01 00:00:00,,,SPX INDEX,HRL UN Equity,No permissions for Weights
HSH UN Equity,2011-01-01 00:00:00,,,SPX INDEX,HSH UN Equity,No permissions for Weights
HSP UN Equity,2011-01-01 00:00:00,,,SPX INDEX,HSP UN Equity,No permissions for Weights
HST UN Equity,2011-01-01 00:00:00,,,SPX INDEX,HST UN Equity,No permissions for Weights
HSY UN Equity,2011-01-01 00:00:00,,,SPX INDEX,HSY UN Equity,No permissions for Weights
HUM UN Equity,2011-01-01 00:00:00,,,SPX INDEX,HUM UN Equity,No permissions for Weights
IBM UN Equity,2011-01-01 00:00:00,,,SPX INDEX,IBM UN Equity,No permissions for Weights
ICE UN Equity,2011-01-01 00:00:00,,,SPX INDEX,ICE UN Equity,No permissions for Weights
IFF UN Equity,2011-01-01 00:00:00,,,SPX INDEX,IFF UN Equity,No permissions for Weights
INTC UW Equity,2011-01-01 00:00:00,,,SPX INDEX,INTC UW Equity,No permissions for Weights
INTU UW Equity,2011-01-01 00:00:00,,,SPX INDEX,INTU UW Equity,No permissions for Weights
IP UN Equity,2011-01-01 00:00:00,,,SPX INDEX,IP UN Equity,No permissions for Weights
IPG UN Equity,2011-01-01 00:00:00,,,SPX INDEX,IPG UN Equity,No permissions for Weights
IRM UN Equity,2011-01-01 00:00:00,,,SPX INDEX,IRM UN Equity,No permissions for Weights
ISRG UW Equity,2011-01-01 00:00:00,,,SPX INDEX,ISRG UW Equity,No permissions for Weights
ITT UN Equity,2011-01-01 00:00:00,,,SPX INDEX,ITT UN Equity,No permissions for Weights
ITW UN Equity,2011-01-01 00:00:00,,,SPX INDEX,ITW UN Equity,No permissions for Weights
IVZ UN Equity,2011-01-01 00:00:00,,,SPX INDEX,IVZ UN Equity,No permissions for Weights
J UN Equity,2011-01-01 00:00:00,,,SPX INDEX,J UN Equity,No permissions for Weights
JBL UN Equity,2011-01-01 00:00:00,,,SPX INDEX,JBL UN Equity,No permissions for Weights
JCI UN Equity,2011-01-01 00:00:00,,,SPX INDEX,JCI UN Equity,No permissions for Weights
JEF UN Equity,2011-01-01 00:00:00,,,SPX INDEX,JEF UN Equity,No permissions for Weights
JNJ UN Equity,2011-01-01 00:00:00,,,SPX INDEX,JNJ UN Equity,No permissions for Weights
JNPR UN Equity,2011-01-01 00:00:00,,,SPX INDEX,JNPR UN Equity,No permissions for Weights
JNS UN Equity,2011-01-01 00:00:00,,,SPX INDEX,JNS UN Equity,No permissions for Weights
JPM UN Equity,2011-01-01 00:00:00,,,SPX INDEX,JPM UN Equity,No permissions for Weights
JWN UN Equity,2011-01-01 00:00:00,,,SPX INDEX,JWN UN Equity,No permissions for Weights
K UN Equity,2011-01-01 00:00:00,,,SPX INDEX,K UN Equity,No permissions for Weights
KDP UN Equity,2011-01-01 00:00:00,,,SPX INDEX,KDP UN Equity,No permissions for Weights
KEY UN Equity,2011-01-01 00:00:00,,,SPX INDEX,KEY UN Equity,No permissions for Weights
KIM UN Equity,2011-01-01 00:00:00,,,SPX INDEX,KIM UN Equity,No permissions for Weights
KLAC UW Equity,2011-01-01 00:00:00,,,SPX INDEX,KLAC UW Equity,No permissions for Weights
KMB UN Equity,2011-01-01 00:00:00,,,SPX INDEX,KMB UN Equity,No permissions for Weights
KMX UN Equity,2011-01-01 00:00:00,,,SPX INDEX,KMX UN Equity,No permissions for Weights
KO UN Equity,2011-01-01 00:00:00,,,SPX INDEX,KO UN Equity,No permissions for Weights
KR UN Equity,2011-01-01 00:00:00,,,SPX INDEX,KR UN Equity,No permissions for Weights
KSS UN Equity,2011-01-01 00:00:00,,,SPX INDEX,KSS UN Equity,No permissions for Weights
L UN Equity,2011-01-01 00:00:00,,,SPX INDEX,L UN Equity,No permissions for Weights
LDOS UN Equity,2011-01-01 00:00:00,,,SPX INDEX,LDOS UN Equity,No permissions for Weights
LEG UN Equity,2011-01-01 00:00:00,,,SPX INDEX,LEG UN Equity,No permissions for Weights
LEN UN Equity,2011-01-01 00:00:00,,,SPX INDEX,LEN UN Equity,No permissions for Weights
LH UN Equity,2011-01-01 00:00:00,,,SPX INDEX,LH UN Equity,No permissions for Weights
LHX UN Equity,2011-01-01 00:00:00,,,SPX INDEX,LHX UN Equity,No permissions for Weights
LLL UN Equity,2011-01-01 00:00:00,,,SPX INDEX,LLL UN Equity,No permissions for Weights
LLTC UW Equity,2011-01-01 00:00:00,,,SPX INDEX,LLTC UW Equity,No permissions for Weights
LLY UN Equity,2011-01-01 00:00:00,,,SPX INDEX,LLY UN Equity,No permissions for Weights
LM UN Equity,2011-01-01 00:00:00,,,SPX INDEX,LM UN Equity,No permissions for Weights
LMT UN Equity,2011-01-01 00:00:00,,,SPX INDEX,LMT UN Equity,No permissions for Weights
LNC UN Equity,2011-01-01 00:00:00,,,SPX INDEX,LNC UN Equity,No permissions for Weights
LO UN Equity,2011-01-01 00:00:00,,,SPX INDEX,LO UN Equity,No permissions for Weights
LOW UN Equity,2011-01-01 00:00:00,,,SPX INDEX,LOW UN Equity,No permissions for Weights
LUMN UN Equity,2011-01-01 00:00:00,,,SPX INDEX,LUMN UN Equity,No permissions for Weights
LUV UN Equity,2011-01-01 00:00:00,,,SPX INDEX,LUV UN Equity,No permissions for Weights
LXK UN Equity,2011-01-01 00:00:00,,,SPX INDEX,LXK UN Equity,No permissions for Weights
M UN Equity,2011-01-01 00:00:00,,,SPX INDEX,M UN Equity,No permissions for Weights
MA UN Equity,2011-01-01 00:00:00,,,SPX INDEX,MA UN Equity,No permissions for Weights
MAR UN Equity,2011-01-01 00:00:00,,,SPX INDEX,MAR UN Equity,No permissions for Weights
MAS UN Equity,2011-01-01 00:00:00,,,SPX INDEX,MAS UN Equity,No permissions for Weights
MAT UW Equity,2011-01-01 00:00:00,,,SPX INDEX,MAT UW Equity,No permissions for Weights
MCD UN Equity,2011-01-01 00:00:00,,,SPX INDEX,MCD UN Equity,No permissions for Weights
MCHP UW Equity,2011-01-01 00:00:00,,,SPX INDEX,MCHP UW Equity,No permissions for Weights
MCK UN Equity,2011-01-01 00:00:00,,,SPX INDEX,MCK UN Equity,No permissions for Weights
MCO UN Equity,2011-01-01 00:00:00,,,SPX INDEX,MCO UN Equity,No permissions for Weights
MDLZ UN Equity,2011-01-01 00:00:00,,,SPX INDEX,MDLZ UN Equity,No permissions for Weights
MDP UN Equity,2011-01-01 00:00:00,,,SPX INDEX,MDP UN Equity,No permissions for Weights
MDT UN Equity,2011-01-01 00:00:00,,,SPX INDEX,MDT UN Equity,No permissions for Weights
MEE UN Equity,2011-01-01 00:00:00,,,SPX INDEX,MEE UN Equity,No permissions for Weights
MET UN Equity,2011-01-01 00:00:00,,,SPX INDEX,MET UN Equity,No permissions for Weights
MFE UN Equity,2011-01-01 00:00:00,,,SPX INDEX,MFE UN Equity,No permissions for Weights
MHS UN Equity,2011-01-01 00:00:00,,,SPX INDEX,MHS UN Equity,No permissions for Weights
MI UN Equity,2011-01-01 00:00:00,,,SPX INDEX,MI UN Equity,No permissions for Weights
MJN UN Equity,2011-01-01 00:00:00,,,SPX INDEX,MJN UN Equity,No permissions for Weights
MKC UN Equity,2011-01-01 00:00:00,,,SPX INDEX,MKC UN Equity,No permissions for Weights
MMC UN Equity,2011-01-01 00:00:00,,,SPX INDEX,MMC UN Equity,No permissions for Weights
MMM UN Equity,2011-01-01 00:00:00,,,SPX INDEX,MMM UN Equity,No permissions for Weights
MO UN Equity,2011-01-01 00:00:00,,,SPX INDEX,MO UN Equity,No permissions for Weights
MOLX UW Equity,2011-01-01 00:00:00,,,SPX INDEX,MOLX UW Equity,No permissions for Weights
MRK UN Equity,2011-01-01 00:00:00,,,SPX INDEX,MRK UN Equity,No permissions for Weights
MRO UN Equity,2011-01-01 00:00:00,,,SPX INDEX,MRO UN Equity,No permissions for Weights
MS UN Equity,2011-01-01 00:00:00,,,SPX INDEX,MS UN Equity,No permissions for Weights
MSFT UW Equity,2011-01-01 00:00:00,,,SPX INDEX,MSFT UW Equity,No permissions for Weights
MSI UN Equity,2011-01-01 00:00:00,,,SPX INDEX,MSI UN Equity,No permissions for Weights
MTB UN Equity,2011-01-01 00:00:00,,,SPX INDEX,MTB UN Equity,No permissions for Weights
MU UW Equity,2011-01-01 00:00:00,,,SPX INDEX,MU UW Equity,No permissions for Weights
MUR UN Equity,2011-01-01 00:00:00,,,SPX INDEX,MUR UN Equity,No permissions for Weights
MWV UN Equity,2011-01-01 00:00:00,,,SPX INDEX,MWV UN Equity,No permissions for Weights
MWW UN Equity,2011-01-01 00:00:00,,,SPX INDEX,MWW UN Equity,No permissions for Weights
MYL UW Equity,2011-01-01 00:00:00,,,SPX INDEX,MYL UW Equity,No permissions for Weights
NBL UN Equity,2011-01-01 00:00:00,,,SPX INDEX,NBL UN Equity,No permissions for Weights
NBR UN Equity,2011-01-01 00:00:00,,,SPX INDEX,NBR UN Equity,No permissions for Weights
NDAQ UW Equity,2011-01-01 00:00:00,,,SPX INDEX,NDAQ UW Equity,No permissions for Weights
NEE UN Equity,2011-01-01 00:00:00,,,SPX INDEX,NEE UN Equity,No permissions for Weights
NEM UN Equity,2011-01-01 00:00:00,,,SPX INDEX,NEM UN Equity,No permissions for Weights
NFLX UW Equity,2011-01-01 00:00:00,,,SPX INDEX,NFLX UW Equity,No permissions for Weights
NFX UN Equity,2011-01-01 00:00:00,,,SPX INDEX,NFX UN Equity,No permissions for Weights
NI UN Equity,2011-01-01 00:00:00,,,SPX INDEX,NI UN Equity,No permissions for Weights
NKE UN Equity,2011-01-01 00:00:00,,,SPX INDEX,NKE UN Equity,No permissions for Weights
NLOK UW Equity,2011-01-01 00:00:00,,,SPX INDEX,NLOK UW Equity,No permissions for Weights
NOC UN Equity,2011-01-01 00:00:00,,,SPX INDEX,NOC UN Equity,No permissions for Weights
NOV UN Equity,2011-01-01 00:00:00,,,SPX INDEX,NOV UN Equity,No permissions for Weights
NOVL UW Equity,2011-01-01 00:00:00,,,SPX INDEX,NOVL UW Equity,No permissions for Weights
NRG UN Equity,2011-01-01 00:00:00,,,SPX INDEX,NRG UN Equity,No permissions for Weights
NSC UN Equity,2011-01-01 00:00:00,,,SPX INDEX,NSC UN Equity,No permissions for Weights
NTAP UW Equity,2011-01-01 00:00:00,,,SPX INDEX,NTAP UW Equity,No permissions for Weights
NTRS UW Equity,2011-01-01 00:00:00,,,SPX INDEX,NTRS UW Equity,No permissions for Weights
NUE UN Equity,2011-01-01 00:00:00,,,SPX INDEX,NUE UN Equity,No permissions for Weights
NVDA UW Equity,2011-01-01 00:00:00,,,SPX INDEX,NVDA UW Equity,No permissions for Weights
NWL UN Equity,2011-01-01 00:00:00,,,SPX INDEX,NWL UN Equity,No permissions for Weights
NYX UN Equity,2011-01-01 00:00:00,,,SPX INDEX,NYX UN Equity,No permissions for Weights
OI UN Equity,2011-01-01 00:00:00,,,SPX INDEX,OI UN Equity,No permissions for Weights
OKE UN Equity,2011-01-01 00:00:00,,,SPX INDEX,OKE UN Equity,No permissions for Weights
OMC UN Equity,2011-01-01 00:00:00,,,SPX INDEX,OMC UN Equity,No permissions for Weights
ORCL UW Equity,2011-01-01 00:00:00,,,SPX INDEX,ORCL UW Equity,No permissions for Weights
ORLY UW Equity,2011-01-01 00:00:00,,,SPX INDEX,ORLY UW Equity,No permissions for Weights
OXY UN Equity,2011-01-01 00:00:00,,,SPX INDEX,OXY UN Equity,No permissions for Weights
PAYX UW Equity,2011-01-01 00:00:00,,,SPX INDEX,PAYX UW Equity,No permissions for Weights
PBCT UW Equity,2011-01-01 00:00:00,,,SPX INDEX,PBCT UW Equity,No permissions for Weights
PBI UN Equity,2011-01-01 00:00:00,,,SPX INDEX,PBI UN Equity,No permissions for Weights
PCAR UW Equity,2011-01-01 00:00:00,,,SPX INDEX,PCAR UW Equity,No permissions for Weights
PCG UN Equity,2011-01-01 00:00:00,,,SPX INDEX,PCG UN Equity,No permissions for Weights
PCL UN Equity,2011-01-01 00:00:00,,,SPX INDEX,PCL UN Equity,No permissions for Weights
PCP UN Equity,2011-01-01 00:00:00,,,SPX INDEX,PCP UN Equity,No permissions for Weights
PDCO UW Equity,2011-01-01 00:00:00,,,SPX INDEX,PDCO UW Equity,No permissions for Weights
PEAK UN Equity,2011-01-01 00:00:00,,,SPX INDEX,PEAK UN Equity,No permissions for Weights
PEG UN Equity,2011-01-01 00:00:00,,,SPX INDEX,PEG UN Equity,No permissions for Weights
PEP UN Equity,2011-01-01 00:00:00,,,SPX INDEX,PEP UN Equity,No permissions for Weights
PFE UN Equity,2011-01-01 00:00:00,,,SPX INDEX,PFE UN Equity,No permissions for Weights
PFG UN Equity,2011-01-01 00:00:00,,,SPX INDEX,PFG UN Equity,No permissions for Weights
PG UN Equity,2011-01-01 00:00:00,,,SPX INDEX,PG UN Equity,No permissions for Weights
PGR UN Equity,2011-01-01 00:00:00,,,SPX INDEX,PGR UN Equity,No permissions for Weights
PH UN Equity,2011-01-01 00:00:00,,,SPX INDEX,PH UN Equity,No permissions for Weights
PHM UN Equity,2011-01-01 00:00:00,,,SPX INDEX,PHM UN Equity,No permissions for Weights
PKI UN Equity,2011-01-01 00:00:00,,,SPX INDEX,PKI UN Equity,No permissions for Weights
PM UN Equity,2011-01-01 00:00:00,,,SPX INDEX,PM UN Equity,No permissions for Weights
PNC UN Equity,2011-01-01 00:00:00,,,SPX INDEX,PNC UN Equity,No permissions for Weights
PNW UN Equity,2011-01-01 00:00:00,,,SPX INDEX,PNW UN Equity,No permissions for Weights
POM UN Equity,2011-01-01 00:00:00,,,SPX INDEX,POM UN Equity,No permissions for Weights
PPG UN Equity,2011-01-01 00:00:00,,,SPX INDEX,PPG UN Equity,No permissions for Weights
PPL UN Equity,2011-01-01 00:00:00,,,SPX INDEX,PPL UN Equity,No permissions for Weights
PRU UN Equity,2011-01-01 00:00:00,,,SPX INDEX,PRU UN Equity,No permissions for Weights
PSA UN Equity,2011-01-01 00:00:00,,,SPX INDEX,PSA UN Equity,No permissions for Weights
PWR UN Equity,2011-01-01 00:00:00,,,SPX INDEX,PWR UN Equity,No permissions for Weights
PX UN Equity,2011-01-01 00:00:00,,,SPX INDEX,PX UN Equity,No permissions for Weights
PXD UN Equity,2011-01-01 00:00:00,,,SPX INDEX,PXD UN Equity,No permissions for Weights
QCOM UW Equity,2011-01-01 00:00:00,,,SPX INDEX,QCOM UW Equity,No permissions for Weights
QEP UN Equity,2011-01-01 00:00:00,,,SPX INDEX,QEP UN Equity,No permissions for Weights
QLGC UW Equity,2011-01-01 00:00:00,,,SPX INDEX,QLGC UW Equity,No permissions for Weights
R UN Equity,2011-01-01 00:00:00,,,SPX INDEX,R UN Equity,No permissions for Weights
RAI UN Equity,2011-01-01 00:00:00,,,SPX INDEX,RAI UN Equity,No permissions for Weights
RDC UN Equity,2011-01-01 00:00:00,,,SPX INDEX,RDC UN Equity,No permissions for Weights
RF UN Equity,2011-01-01 00:00:00,,,SPX INDEX,RF UN Equity,No permissions for Weights
RHI UN Equity,2011-01-01 00:00:00,,,SPX INDEX,RHI UN Equity,No permissions for Weights
RHT UN Equity,2011-01-01 00:00:00,,,SPX INDEX,RHT UN Equity,No permissions for Weights
RL UN Equity,2011-01-01 00:00:00,,,SPX INDEX,RL UN Equity,No permissions for Weights
ROK UN Equity,2011-01-01 00:00:00,,,SPX INDEX,ROK UN Equity,No permissions for Weights
ROP UN Equity,2011-01-01 00:00:00,,,SPX INDEX,ROP UN Equity,No permissions for Weights
ROST UW Equity,2011-01-01 00:00:00,,,SPX INDEX,ROST UW Equity,No permissions for Weights
RRC UN Equity,2011-01-01 00:00:00,,,SPX INDEX,RRC UN Equity,No permissions for Weights
RRD UW Equity,2011-01-01 00:00:00,,,SPX INDEX,RRD UW Equity,No permissions for Weights
RSG UN Equity,2011-01-01 00:00:00,,,SPX INDEX,RSG UN Equity,No permissions for Weights
RSHCQ UN Equity,2011-01-01 00:00:00,,,SPX INDEX,RSHCQ UN Equity,No permissions for Weights
RTN UN Equity,2011-01-01 00:00:00,,,SPX INDEX,RTN UN Equity,No permissions for Weights
RTX UN Equity,2011-01-01 00:00:00,,,SPX INDEX,RTX UN Equity,No permissions for Weights
SBUX UW Equity,2011-01-01 00:00:00,,,SPX INDEX,SBUX UW Equity,No permissions for Weights
SCG UN Equity,2011-01-01 00:00:00,,,SPX INDEX,SCG UN Equity,No permissions for Weights
SCHW UN Equity,2011-01-01 00:00:00,,,SPX INDEX,SCHW UN Equity,No permissions for Weights
SEE UN Equity,2011-01-01 00:00:00,,,SPX INDEX,SEE UN Equity,No permissions for Weights
SHLDQ UW Equity,2011-01-01 00:00:00,,,SPX INDEX,SHLDQ UW Equity,No permissions for Weights
SHW UN Equity,2011-01-01 00:00:00,,,SPX INDEX,SHW UN Equity,No permissions for Weights
SIAL UW Equity,2011-01-01 00:00:00,,,SPX INDEX,SIAL UW Equity,No permissions for Weights
SJM UN Equity,2011-01-01 00:00:00,,,SPX INDEX,SJM UN Equity,No permissions for Weights
SLB UN Equity,2011-01-01 00:00:00,,,SPX INDEX,SLB UN Equity,No permissions for Weights
SLM UN Equity,2011-01-01 00:00:00,,,SPX INDEX,SLM UN Equity,No permissions for Weights
SNA UN Equity,2011-01-01 00:00:00,,,SPX INDEX,SNA UN Equity,No permissions for Weights
SNDK UW Equity,2011-01-01 00:00:00,,,SPX INDEX,SNDK UW Equity,No permissions for Weights
SNI UN Equity,2011-01-01 00:00:00,,,SPX INDEX,SNI UN Equity,No permissions for Weights
SO UN Equity,2011-01-01 00:00:00,,,SPX INDEX,SO UN Equity,No permissions for Weights
SPG UN Equity,2011-01-01 00:00:00,,,SPX INDEX,SPG UN Equity,No permissions for Weights
SPGI UN Equity,2011-01-01 00:00:00,,,SPX INDEX,SPGI UN Equity,No permissions for Weights
SPLS UW Equity,2011-01-01 00:00:00,,,SPX INDEX,SPLS UW Equity,No permissions for Weights
SRCL UW Equity,2011-01-01 00:00:00,,,SPX INDEX,SRCL UW Equity,No permissions for Weights
SRE UN Equity,2011-01-01 00:00:00,,,SPX INDEX,SRE UN Equity,No permissions for Weights
STI UN Equity,2011-01-01 00:00:00,,,SPX INDEX,STI UN Equity,No permissions for Weights
STJ UN Equity,2011-01-01 00:00:00,,,SPX INDEX,STJ UN Equity,No permissions for Weights
STT UN Equity,2011-01-01 00:00:00,,,SPX INDEX,STT UN Equity,No permissions for Weights
STZ UN Equity,2011-01-01 00:00:00,,,SPX INDEX,STZ UN Equity,No permissions for Weights
SUNEQ UN Equity,2011-01-01 00:00:00,,,SPX INDEX,SUNEQ UN Equity,No permissions for Weights
SVU UN Equity,2011-01-01 00:00:00,,,SPX INDEX,SVU UN Equity,No permissions for Weights
SWK UN Equity,2011-01-01 00:00:00,,,SPX INDEX,SWK UN Equity,No permissions for Weights
SWN UN Equity,2011-01-01 00:00:00,,,SPX INDEX,SWN UN Equity,No permissions for Weights
SWY UN Equity,2011-01-01 00:00:00,,,SPX INDEX,SWY UN Equity,No permissions for Weights
SYK UN Equity,2011-01-01 00:00:00,,,SPX INDEX,SYK UN Equity,No permissions for Weights
SYY UN Equity,2011-01-01 00:00:00,,,SPX INDEX,SYY UN Equity,No permissions for Weights
T UN Equity,2011-01-01 00:00:00,,,SPX INDEX,T UN Equity,No permissions for Weights
TAP UN Equity,2011-01-01 00:00:00,,,SPX INDEX,TAP UN Equity,No permissions for Weights
TDC UN Equity,2011-01-01 00:00:00,,,SPX INDEX,TDC UN Equity,No permissions for Weights
TEG UN Equity,2011-01-01 00:00:00,,,SPX INDEX,TEG UN Equity,No permissions for Weights
TER UN Equity,2011-01-01 00:00:00,,,SPX INDEX,TER UN Equity,No permissions for Weights
TFC UN Equity,2011-01-01 00:00:00,,,SPX INDEX,TFC UN Equity,No permissions for Weights
TFCFA UW Equity,2011-01-01 00:00:00,,,SPX INDEX,TFCFA UW Equity,No permissions for Weights
TGNA UN Equity,2011-01-01 00:00:00,,,SPX INDEX,TGNA UN Equity,No permissions for Weights
TGT UN Equity,2011-01-01 00:00:00,,,SPX INDEX,TGT UN Equity,No permissions for Weights
THC UN Equity,2011-01-01 00:00:00,,,SPX INDEX,THC UN Equity,No permissions for Weights
TIE UN Equity,2011-01-01 00:00:00,,,SPX INDEX,TIE UN Equity,No permissions for Weights
TIF UN Equity,2011-01-01 00:00:00,,,SPX INDEX,TIF UN Equity,No permissions for Weights
TJX UN Equity,2011-01-01 00:00:00,,,SPX INDEX,TJX UN Equity,No permissions for Weights
TLAB UW Equity,2011-01-01 00:00:00,,,SPX INDEX,TLAB UW Equity,No permissions for Weights
TMO UN Equity,2011-01-01 00:00:00,,,SPX INDEX,TMO UN Equity,No permissions for Weights
TMUS UN Equity,2011-01-01 00:00:00,,,SPX INDEX,TMUS UN Equity,No permissions for Weights
TNL UN Equity,2011-01-01 00:00:00,,,SPX INDEX,TNL UN Equity,No permissions for Weights
TPR UN Equity,2011-01-01 00:00:00,,,SPX INDEX,TPR UN Equity,No permissions for Weights
TROW UW Equity,2011-01-01 00:00:00,,,SPX INDEX,TROW UW Equity,No permissions for Weights
TRV UN Equity,2011-01-01 00:00:00,,,SPX INDEX,TRV UN Equity,No permissions for Weights
TSN UN Equity,2011-01-01 00:00:00,,,SPX INDEX,TSN UN Equity,No permissions for Weights
TSS UN Equity,2011-01-01 00:00:00,,,SPX INDEX,TSS UN Equity,No permissions for Weights
TT UN Equity,2011-01-01 00:00:00,,,SPX INDEX,TT UN Equity,No permissions for Weights
TWC UN Equity,2011-01-01 00:00:00,,,SPX INDEX,TWC UN Equity,No permissions for Weights
TWX UN Equity,2011-01-01 00:00:00,,,SPX INDEX,TWX UN Equity,No permissions for Weights
TXN UN Equity,2011-01-01 00:00:00,,,SPX INDEX,TXN UN Equity,No permissions for Weights
TXT UN Equity,2011-01-01 00:00:00,,,SPX INDEX,TXT UN Equity,No permissions for Weights
UNH UN Equity,2011-01-01 00:00:00,,,SPX INDEX,UNH UN Equity,No permissions for Weights
UNM UN Equity,2011-01-01 00:00:00,,,SPX INDEX,UNM UN Equity,No permissions for Weights
UNP UN Equity,2011-01-01 00:00:00,,,SPX INDEX,UNP UN Equity,No permissions for Weights
UPS UN Equity,2011-01-01 00:00:00,,,SPX INDEX,UPS UN Equity,No permissions for Weights
URBN UW Equity,2011-01-01 00:00:00,,,SPX INDEX,URBN UW Equity,No permissions for Weights
USB UN Equity,2011-01-01 00:00:00,,,SPX INDEX,USB UN Equity,No permissions for Weights
V UN Equity,2011-01-01 00:00:00,,,SPX INDEX,V UN Equity,No permissions for Weights
VAR UN Equity,2011-01-01 00:00:00,,,SPX INDEX,VAR UN Equity,No permissions for Weights
VFC UN Equity,2011-01-01 00:00:00,,,SPX INDEX,VFC UN Equity,No permissions for Weights
VIAB UN Equity,2011-01-01 00:00:00,,,SPX INDEX,VIAB UN Equity,No permissions for Weights
VIAC UN Equity,2011-01-01 00:00:00,,,SPX INDEX,VIAC UN Equity,No permissions for Weights
VIAV UW Equity,2011-01-01 00:00:00,,,SPX INDEX,VIAV UW Equity,No permissions for Weights
VLO UN Equity,2011-01-01 00:00:00,,,SPX INDEX,VLO UN Equity,No permissions for Weights
VMC UN Equity,2011-01-01 00:00:00,,,SPX INDEX,VMC UN Equity,No permissions for Weights
VNO UN Equity,2011-01-01 00:00:00,,,SPX INDEX,VNO UN Equity,No permissions for Weights
VRSN UW Equity,2011-01-01 00:00:00,,,SPX INDEX,VRSN UW Equity,No permissions for Weights
VTR UN Equity,2011-01-01 00:00:00,,,SPX INDEX,VTR UN Equity,No permissions for Weights
VZ UN Equity,2011-01-01 00:00:00,,,SPX INDEX,VZ UN Equity,No permissions for Weights
WAT UN Equity,2011-01-01 00:00:00,,,SPX INDEX,WAT UN Equity,No permissions for Weights
WBA UN Equity,2011-01-01 00:00:00,,,SPX INDEX,WBA UN Equity,No permissions for Weights
WDC UN Equity,2011-01-01 00:00:00,,,SPX INDEX,WDC UN Equity,No permissions for Weights
WEC UN Equity,2011-01-01 00:00:00,,,SPX INDEX,WEC UN Equity,No permissions for Weights
WELL UN Equity,2011-01-01 00:00:00,,,SPX INDEX,WELL UN Equity,No permissions for Weights
WFC UN Equity,2011-01-01 00:00:00,,,SPX INDEX,WFC UN Equity,No permissions for Weights
WFM UW Equity,2011-01-01 00:00:00,,,SPX INDEX,WFM UW Equity,No permissions for Weights
WHR UN Equity,2011-01-01 00:00:00,,,SPX INDEX,WHR UN Equity,No permissions for Weights
WINMQ UW Equity,2011-01-01 00:00:00,,,SPX INDEX,WINMQ UW Equity,No permissions for Weights
WM UN Equity,2011-01-01 00:00:00,,,SPX INDEX,WM UN Equity,No permissions for Weights
WMB UN Equity,2011-01-01 00:00:00,,,SPX INDEX,WMB UN Equity,No permissions for Weights
WMT UN Equity,2011-01-01 00:00:00,,,SPX INDEX,WMT UN Equity,No permissions for Weights
WU UN Equity,2011-01-01 00:00:00,,,SPX INDEX,WU UN Equity,No permissions for Weights
WY UN Equity,2011-01-01 00:00:00,,,SPX INDEX,WY UN Equity,No permissions for Weights
WYNN UW Equity,2011-01-01 00:00:00,,,SPX INDEX,WYNN UW Equity,No permissions for Weights
X UN Equity,2011-01-01 00:00:00,,,SPX INDEX,X UN Equity,No permissions for Weights
XEL UN Equity,2011-01-01 00:00:00,,,SPX INDEX,XEL UN Equity,No permissions for Weights
XLNX UW Equity,2011-01-01 00:00:00,,,SPX INDEX,XLNX UW Equity,No permissions for Weights
XOM UN Equity,2011-01-01 00:00:00,,,SPX INDEX,XOM UN Equity,No permissions for Weights
XRAY UW Equity,2011-01-01 00:00:00,,,SPX INDEX,XRAY UW Equity,No permissions for Weights
XRX UN Equity,2011-01-01 00:00:00,,,SPX INDEX,XRX UN Equity,No permissions for Weights
YUM UN Equity,2011-01-01 00:00:00,,,SPX INDEX,YUM UN Equity,No permissions for Weights
ZBH UN Equity,2011-01-01 00:00:00,,,SPX INDEX,ZBH UN Equity,No permissions for Weights
ZION UW Equity,2011-01-01 00:00:00,,,SPX INDEX,ZION UW Equity,No permissions for Weights
